CH1,CH2,CH3,CH4,CH5,CH6,CH7,CH8,CH9,CH10,CH11,CH12,CH13,CH14,CH15,CH16,CH17,CH18,CH19,CH20,CH21,CH22,CH23,CH24,CH25,CH26,CH27,CH28,CH29,CH30,CH31,CH32,CH33,CH34
-0.3231,-0.4963,0.3484,-0.8183,-0.3026,-0.1628,-0.0355,-0.9274,-0.3034,-3.7466,-0.0837,-0.1461,-0.1913,-0.2304,-0.2426,-0.0706,0.0821,0.1591,-0.0333,-0.0830,-0.3222,-0.2353,-0.3414,-0.3993,-0.2165,-0.2863,-0.2982,-0.4477,#DIV/0!,-1.2953,1.1322,-0.6491,0.0410,0.2146
-0.3728,-0.7953,-0.5031,-1.1924,-0.9254,-0.0101,-1.3545,-0.9894,-0.4912,-3.9847,-0.1723,-0.1106,-0.1791,-0.2348,-0.1744,-0.0561,0.0922,0.2061,-0.0077,-0.0696,-0.3028,-0.2197,-0.4472,-0.3954,-0.2329,-0.2582,-0.3114,-0.5663,#DIV/0!,0.2737,1.4678,0.3296,0.0577,0.2759
-0.6356,-0.4721,-0.8282,-0.7777,-0.8543,0.3352,-0.8074,-1.5425,-0.2856,-3.8713,-0.1199,-0.0608,-0.1213,-0.2094,-0.0808,-0.0410,0.0847,0.1986,-0.0075,-0.0556,-0.2638,-0.1717,-0.1475,-0.3121,-0.1687,-0.2277,-0.1933,-1.3551,#DIV/0!,0.1530,1.8261,0.3485,-1.6441,0.1127
-0.6241,0.1819,-0.4122,0.1010,0.0947,0.5614,0.3650,-0.7221,-0.2239,-3.8960,-0.0781,-0.0191,-0.0655,-0.1684,0.0011,-0.0207,0.1030,0.1897,0.0260,-0.0245,-0.2312,-0.1241,0.0121,-0.2490,-0.0977,-0.1550,-0.0794,-0.8330,#DIV/0!,0.3929,0.5423,-1.2230,0.6251,0.0869
0.0024,-0.6171,-0.4031,-0.6738,-1.1776,0.7854,-0.0908,-0.7816,-0.2082,-3.6657,-0.0747,0.0120,-0.0260,-0.1524,0.0343,0.0043,0.1119,0.2021,0.0681,-0.0109,-0.2108,-0.0955,0.0696,-0.2211,-0.0801,-0.2145,-0.0637,-0.3538,#DIV/0!,0.5867,2.5634,-0.0437,1.3161,0.2333
0.0622,-0.5522,-0.4831,-0.5403,-1.0593,-0.4792,-1.1196,-1.0395,-0.4216,-3.5395,-0.0708,0.0286,0.0156,-0.1141,0.0346,0.0391,0.1196,0.2018,0.0804,0.0100,-0.2189,-0.0664,0.0744,-0.2049,-0.0817,-0.1845,-0.0627,-0.3954,#DIV/0!,0.8006,2.1195,-0.0330,1.8227,0.2839
-0.4779,-0.5324,-0.5144,-1.0080,-1.5128,-1.0246,-0.5135,-1.1227,-0.4048,-3.9636,-0.0003,0.0068,0.0130,-0.1037,0.0105,0.0504,0.1165,0.1923,0.0723,0.0154,-0.2359,-0.0621,0.0979,-0.2053,-0.0726,-0.1651,0.0177,-0.1340,#DIV/0!,1.1488,1.2253,-0.8999,1.6977,0.0355
0.1196,-1.1588,-0.4388,-1.7977,-2.3374,-0.9800,-1.1593,-1.4253,-0.5424,-3.9404,-0.0501,-0.0261,-0.0140,-0.1129,-0.0250,0.0407,0.0987,0.1493,0.0320,0.0161,-0.2591,-0.0688,0.1180,-0.2586,-0.0933,-0.1759,-0.1092,0.6795,#DIV/0!,0.7509,0.9775,-0.8409,0.6156,-0.0448
0.3074,-1.0817,-0.4335,-1.2157,-1.7787,-1.0470,-0.9732,-1.7237,-0.4171,-3.9530,-0.0540,-0.0821,-0.0569,-0.1100,-0.1007,0.0228,0.0852,0.0965,-0.0072,-0.0047,-0.2955,-0.0884,0.1080,-0.2948,-0.0877,-0.1493,-0.2005,0.5335,#DIV/0!,-0.8293,0.1725,-0.2411,-1.2328,-0.0917
0.1035,-1.3671,-0.4622,-1.8093,-2.1043,-1.3560,-0.8790,-2.3755,-0.3404,-3.9439,-0.0491,-0.1228,-0.0970,-0.1417,-0.1373,-0.0023,0.0753,0.0720,-0.0350,-0.0165,-0.3119,-0.1039,0.0794,-0.2981,-0.0703,-0.1734,-0.1316,0.2734,#DIV/0!,-3.4073,-0.6668,-2.0372,-6.1878,-0.2611
0.4037,-1.0281,-0.3659,-1.7121,-2.1099,-0.9553,-0.9854,-1.9875,-0.4329,-3.9513,-0.1265,-0.1219,-0.1031,-0.1282,-0.1502,0.0109,0.0804,0.0723,-0.0472,-0.0366,-0.3091,-0.1348,0.0117,-0.3289,-0.0986,-0.1930,-0.2111,0.2163,#DIV/0!,0.6401,1.4113,-0.0844,-1.2224,-0.0278
0.5101,-0.4286,-0.3479,-1.0234,-1.5048,-1.5250,-1.3485,-1.6112,-0.7562,-3.9096,-0.1447,-0.1149,-0.1047,-0.1586,-0.1956,-0.0189,0.0482,0.0546,-0.0707,-0.0535,-0.3137,-0.1571,-0.0063,-0.3395,-0.0986,-0.2179,-0.1744,-0.0025,#DIV/0!,-0.0379,2.2688,-1.0372,0.2236,-0.0829
0.5612,-1.2331,-0.6301,-1.6640,-1.3799,-1.4181,-1.1803,-1.0038,-0.3739,-3.9280,-0.0397,-0.1286,-0.1277,-0.1811,-0.2355,-0.0560,0.0379,0.0279,-0.0766,-0.0374,-0.3246,-0.1447,0.0579,-0.3514,-0.0965,-0.1962,-0.2248,-0.1342,#DIV/0!,-1.0594,0.0447,-2.9034,-1.5020,-0.2076
0.1867,-1.4160,-0.2095,-2.0665,-1.1550,-0.7676,-0.5114,-3.8619,-0.1001,-3.7921,-0.1000,-0.0901,-0.0798,-0.1628,-0.2204,-0.0448,0.0525,0.0325,-0.0539,-0.0315,-0.3091,-0.1389,0.1113,-0.3003,-0.0786,-0.1547,-0.2116,-0.4997,#DIV/0!,0.5882,1.9701,0.0855,0.1425,-0.0507
-0.4982,-1.5379,-0.4487,-1.6517,-1.8697,-0.6235,-0.1267,-2.2754,-0.1912,-1.9487,-0.0297,-0.0274,0.0070,-0.0959,-0.1836,0.0088,0.0813,0.0565,-0.0170,0.0068,-0.2686,-0.0896,0.1913,-0.2433,-0.0438,-0.1137,-0.1275,-0.7183,#DIV/0!,0.6025,1.6955,0.8901,0.4430,0.0156
0.0413,-1.8236,-0.8438,-1.5773,-2.1282,-0.8379,-0.6365,-3.5946,-0.3803,-0.1843,0.0190,0.0250,0.0741,-0.0615,-0.1164,0.0260,0.0891,0.0718,0.0023,0.0235,-0.2315,-0.0445,0.2609,-0.1683,-0.0100,-0.1057,-0.1022,-0.2313,#DIV/0!,0.5881,1.1753,-1.2575,-1.0110,0.1147
-0.1980,-1.1992,-0.3082,-1.4992,-0.9406,-0.6337,-1.1177,-1.5953,-0.3688,2.2952,0.0711,0.0506,0.1062,-0.0535,-0.0841,0.0250,0.0921,0.0692,0.0188,0.0353,-0.2055,-0.0407,0.2768,-0.1588,-0.0176,-0.1229,-0.0743,-1.0622,#DIV/0!,0.5254,1.6508,-0.8639,-0.6308,0.0536
-0.2974,-1.5305,-0.4575,-2.1081,-1.6063,0.0012,-0.3024,-0.7866,-0.2365,1.5706,0.0642,0.0701,0.1318,-0.0320,-0.0611,0.0387,0.0897,0.0614,0.0183,0.0232,-0.1939,-0.0542,0.2938,-0.1628,-0.0169,-0.0733,-0.0789,-0.2874,#DIV/0!,-1.3081,1.5208,-1.2045,-1.7565,0.0153
-0.2002,-0.9987,-0.2040,-1.3040,-1.5722,-0.8087,-1.0184,-1.3992,-0.4481,1.4374,0.0401,0.0568,0.1137,-0.0489,-0.0412,0.0445,0.0890,0.0867,0.0526,0.0150,-0.1732,-0.0539,0.2951,-0.1532,-0.0244,-0.1085,-0.1070,0.1253,#DIV/0!,-0.7825,1.1868,-0.0257,-0.6354,-0.1387
-0.6461,0.0040,-0.0274,-0.2234,0.0625,-0.1885,-0.8045,-0.7574,-0.1352,0.9386,0.0796,0.0556,0.1370,-0.0478,-0.0533,0.0463,0.0851,0.0886,0.0550,0.0206,-0.1935,-0.0624,0.2701,-0.1849,-0.0259,-0.1285,-0.0465,-0.9572,#DIV/0!,1.1619,1.3012,0.2794,0.7922,-0.1965
-0.9034,-0.6313,-0.5295,-0.7548,-0.5770,-0.1871,-0.8285,-2.0083,-0.1805,0.8449,0.0236,0.0072,0.0633,-0.0651,-0.1230,0.0293,0.0822,0.0693,0.0425,0.0162,-0.2270,-0.0772,0.2754,-0.2064,-0.0107,-0.1059,-0.0105,-0.5551,#DIV/0!,-0.6146,0.7171,-0.5736,-1.0549,-0.1844
0.1274,-0.5880,0.0296,-0.3695,-0.3456,-1.1660,-1.1842,-1.5131,-0.3138,2.3015,-0.0248,0.0062,0.0504,-0.0842,-0.1505,0.0153,0.0780,0.0659,0.0520,0.0275,-0.2383,-0.0705,0.2730,-0.2130,-0.0172,-0.1217,-0.0277,-0.0215,#DIV/0!,-0.9437,1.6535,-0.5154,0.4450,0.0479
0.9374,-0.5885,0.4839,-0.4727,-0.4764,-1.1024,-1.0938,-2.8218,-0.3273,-0.4601,0.0484,0.0250,0.0932,-0.0837,-0.1601,0.0223,0.0842,0.0802,0.0775,0.0632,-0.2273,-0.0504,0.2929,-0.2084,-0.0074,-0.1043,0.0129,-0.1129,#DIV/0!,0.7489,1.4828,-0.6967,0.2284,-0.0654
-0.5797,-0.6334,-0.0649,-0.8708,-1.0969,-0.5230,-0.6528,-1.9496,-0.5309,0.3335,0.0858,0.0360,0.1096,-0.0580,-0.1599,0.0296,0.0898,0.0859,0.0794,0.0534,-0.2263,-0.0616,0.3048,-0.1923,0.0005,-0.1306,-0.0214,-0.2488,#DIV/0!,0.5155,1.8758,-1.1526,0.2280,-0.1134
-0.3020,-0.2183,-0.3540,0.0226,-0.4505,0.5557,-0.3481,-1.6362,-0.7590,0.8729,-0.0274,0.0424,0.0997,-0.0299,-0.1635,0.0268,0.0963,0.0840,0.1040,0.0529,-0.2085,-0.0426,0.3473,-0.1807,0.0059,-0.1273,-0.1701,-0.2961,#DIV/0!,0.1918,1.9098,-0.1858,-0.6979,-0.0528
0.2691,-0.2437,0.2846,-0.6330,-0.1801,-1.3017,-2.1904,-0.8626,-0.6779,-0.1753,0.0271,0.0571,0.0948,-0.0113,-0.1197,0.0459,0.1115,0.0932,0.1232,0.0707,-0.1777,0.0042,0.3818,-0.1485,0.0170,-0.0944,-0.1798,-0.2054,#DIV/0!,-0.1101,1.4619,-1.0173,-1.4747,-0.1450
0.1861,-0.6914,0.1839,0.0900,-0.2682,-1.6040,-1.7356,-1.6425,-0.4733,2.3471,0.0455,0.0965,0.1490,0.0230,-0.0596,0.0730,0.1186,0.1039,0.1337,0.0871,-0.1362,0.0493,0.4093,-0.0843,0.0347,-0.0998,-0.0210,-0.4487,#DIV/0!,0.6807,1.0640,0.0902,-0.1437,-0.0557
0.3183,-0.2999,0.2841,-0.3016,-0.1343,0.4837,-1.0913,-2.6748,-0.3228,1.4257,0.1499,0.1033,0.1811,0.0319,-0.0323,0.0741,0.1197,0.1214,0.1590,0.0858,-0.1137,0.0577,0.4339,-0.0624,0.0400,-0.0997,0.0038,0.2148,#DIV/0!,0.1285,1.9689,-0.0879,-0.5656,-0.0247
-0.8701,-0.5097,-0.7274,-1.1745,-0.6690,1.6984,0.1116,-1.8667,-0.1284,-0.4736,0.1599,0.1051,0.2087,0.0397,0.0023,0.0999,0.1389,0.1518,0.1855,0.1060,-0.0892,0.0638,0.4420,-0.0431,0.0392,-0.0562,0.0377,-0.8239,#DIV/0!,-1.3059,2.9500,0.2292,0.4719,0.0037
-1.4980,-1.0575,-1.7341,-1.3264,-1.4549,0.1452,0.2315,-1.2449,-0.2201,0.1489,0.1126,0.1098,0.2037,0.0294,0.0511,0.1057,0.1369,0.1698,0.2044,0.1122,-0.0701,0.0761,0.4584,-0.0436,0.0354,-0.0839,0.0425,-0.6258,#DIV/0!,0.1074,1.1352,-0.4165,-2.9962,0.0070
-1.2399,-0.3303,-1.9064,0.0041,-0.2458,-0.4886,-0.4202,-1.7207,-0.3966,0.5676,0.1353,0.0921,0.1677,0.0023,0.0458,0.1037,0.1343,0.1638,0.1948,0.0794,-0.0857,0.0378,0.4214,-0.0477,0.0388,-0.0820,0.0266,0.5612,#DIV/0!,0.4760,1.9883,-1.2256,-0.8097,0.0447
-1.2485,-0.5096,-2.0443,-0.5838,-0.6555,-0.8708,-0.7019,-2.8897,-0.3449,1.2845,0.0523,0.0555,0.1303,-0.0247,0.0133,0.0759,0.1100,0.1438,0.1673,0.0629,-0.1036,0.0021,0.3712,-0.0715,0.0132,-0.0659,-0.0320,0.3739,#DIV/0!,-0.0373,1.3999,-0.1872,0.5154,0.1511
-0.5457,-1.0037,-0.7511,-1.3036,-1.7256,-0.9193,-1.2107,-2.3583,-0.5730,1.4090,0.0247,0.0455,0.1308,-0.0494,-0.0239,0.0342,0.0839,0.1236,0.1370,0.0599,-0.1106,-0.0147,0.3251,-0.0952,-0.0106,-0.0519,-0.0978,0.3492,#DIV/0!,0.3192,1.0676,-0.8743,0.2897,-0.0173
-0.5812,-1.2241,-1.0030,-1.2848,-0.8548,-1.7723,-2.2923,-0.2293,-0.5938,-0.3872,0.0888,0.0686,0.1437,-0.0338,-0.0119,0.0467,0.0942,0.1372,0.1460,0.0705,-0.0868,-0.0004,0.3263,-0.0424,0.0159,-0.0935,-0.0462,-0.0132,#DIV/0!,0.3913,1.8608,-0.9906,0.9057,-0.0596
-0.3172,-0.8641,-1.2011,0.2223,-0.1315,1.5843,0.0387,-1.0715,-0.1795,0.2277,0.1252,0.0891,0.1698,-0.0162,-0.0189,0.0545,0.1046,0.1476,0.1578,0.0650,-0.0671,-0.0015,0.3104,0.0046,0.0241,-0.0678,0.0061,0.1515,#DIV/0!,-0.0691,1.8254,0.3508,0.2241,0.0606
-0.5669,-0.3469,-0.7512,-0.1061,-0.4619,0.8989,0.7038,-0.4899,0.1309,-1.3290,0.1732,0.0770,0.1523,-0.0373,-0.0269,0.0321,0.0865,0.1418,0.1474,0.0643,-0.0524,0.0007,0.3094,0.0156,0.0295,-0.0563,0.0534,0.3276,#DIV/0!,0.4551,1.3925,-0.0005,0.9888,-0.1099
-0.1007,-0.9191,-0.0819,-1.1317,-0.9074,0.1259,-0.6885,-0.3388,-0.1549,-1.1161,0.1731,0.0677,0.1273,-0.0335,-0.0253,0.0326,0.0815,0.1200,0.1242,0.0615,-0.0730,-0.0059,0.2822,-0.0271,0.0157,-0.0844,-0.0957,0.5575,#DIV/0!,0.2477,0.6610,-1.1059,-0.7820,-0.0799
0.1125,-0.1528,-0.3037,-0.2552,0.1280,1.4595,0.9341,-1.2475,-0.2495,0.2260,0.0511,0.1085,0.1695,-0.0248,0.0241,0.0495,0.0869,0.1080,0.1210,0.0640,-0.0716,0.0061,0.2483,-0.0497,-0.0067,-0.0418,-0.1494,0.1567,#DIV/0!,0.0191,1.8075,0.3615,-0.9362,0.0278
-0.2981,0.5629,-0.5634,0.7183,0.3255,0.5706,0.3474,-1.6020,-0.4751,-0.0761,0.1806,0.1395,0.1933,-0.0049,0.0690,0.0631,0.0932,0.1281,0.1369,0.0731,-0.0416,0.0281,0.2544,-0.0246,0.0085,-0.0696,0.0282,0.0855,#DIV/0!,0.0889,1.7028,0.0685,0.1709,-0.0016
0.5710,0.1337,0.0597,0.3176,0.1410,0.8622,0.1079,-3.6795,0.0310,-0.0018,0.1180,0.1398,0.2064,0.0060,0.0936,0.0792,0.0952,0.1385,0.1337,0.0733,-0.0316,0.0268,0.2609,-0.0124,0.0233,-0.0635,0.0943,0.1260,#DIV/0!,0.6254,0.9693,-0.5340,-1.3410,0.0613
1.2067,0.0787,0.1863,0.2274,0.3098,1.2134,0.5268,-1.7821,0.3141,0.1873,0.0961,0.1396,0.2088,0.0183,0.1439,0.1035,0.1077,0.1532,0.1560,0.0831,-0.0246,0.0376,0.2482,-0.0215,0.0196,-0.0696,0.0339,0.4273,#DIV/0!,-0.8009,1.4847,-0.5022,-0.2233,-0.0037
0.3668,-0.1379,-0.1961,-0.1926,-0.2587,-0.8773,-1.2660,-2.1040,-0.1653,0.3507,0.1898,0.1433,0.2001,0.0113,0.1581,0.0861,0.0878,0.1472,0.1336,0.0814,-0.0175,0.0528,0.2366,-0.0230,0.0321,-0.0254,0.0753,0.3140,#DIV/0!,-3.4795,1.0365,-1.4637,-1.7150,-0.1190
0.2647,-0.2972,-0.3305,-0.3297,-0.3678,-0.0165,-0.1940,-2.2458,-0.1752,0.5534,0.1598,0.1693,0.2320,0.0114,0.1898,0.0739,0.0769,0.1275,0.1124,0.0595,-0.0182,0.0455,0.1792,-0.0415,0.0194,-0.0557,0.0116,0.1388,#DIV/0!,0.5820,1.8514,0.6146,0.6516,0.0685
0.9657,-0.6427,-0.7396,-0.6471,-0.9045,0.0021,0.5113,-1.9995,-0.0988,0.2164,0.0578,0.1400,0.2131,-0.0034,0.1780,0.0582,0.0590,0.0927,0.0574,0.0325,-0.0491,0.0189,0.1221,-0.0498,0.0069,-0.0291,-0.0070,0.2039,#DIV/0!,0.5703,0.6906,0.1769,0.7009,0.0347
0.8857,-0.6213,-0.5243,-0.7234,-1.0971,0.1711,-0.0261,-2.6779,-0.2657,0.1594,0.0514,0.1203,0.1921,0.0036,0.1586,0.0459,0.0416,0.0665,0.0237,0.0113,-0.0568,-0.0222,0.0596,-0.0681,-0.0050,-0.0615,0.0310,0.6345,#DIV/0!,-1.3957,0.1747,-0.9754,-0.2007,-0.0645
0.2130,-0.0491,0.1158,0.0485,0.0922,-0.5990,-1.2845,-2.4140,-0.3893,-2.5751,0.0384,0.1094,0.1819,-0.0173,0.1896,0.0301,0.0208,0.0628,-0.0001,-0.0049,-0.0527,-0.0463,-0.0275,-0.0849,-0.0285,-0.0810,-0.0558,0.3040,#DIV/0!,-0.4129,1.3401,-0.6656,0.6357,-0.1344
0.0510,-0.4001,-0.3866,-0.4844,-0.1964,-0.9749,-0.6588,-1.0107,-0.2586,-1.4962,0.0660,0.0855,0.1668,-0.0290,0.1701,0.0260,0.0113,0.0528,-0.0216,-0.0176,-0.0627,-0.0714,-0.0367,-0.0902,-0.0291,-0.0771,-0.0218,0.0318,#DIV/0!,0.5659,3.0018,-0.0859,1.0386,0.0303
-0.6029,0.3449,-1.1236,0.4483,0.3617,0.5753,0.0842,-1.9471,-0.1377,1.2679,0.0153,0.0497,0.1070,-0.0693,0.1447,-0.0061,-0.0061,0.0436,-0.0325,-0.0338,-0.0847,-0.1033,-0.2381,-0.1373,-0.0686,-0.0729,-0.0592,-0.0466,#DIV/0!,0.4165,1.7791,0.5785,0.7537,0.1090
-0.1077,-0.0246,-0.1895,0.4547,-0.1548,-0.4997,0.0253,-0.5829,-0.1561,-0.7639,0.0676,0.0561,0.1159,-0.0726,0.0974,-0.0076,-0.0059,0.0499,-0.0165,-0.0255,-0.0855,-0.1369,-0.3840,-0.1732,-0.1218,-0.0585,-0.1626,0.0189,#DIV/0!,0.1827,0.3881,0.3890,0.6559,-0.0262
0.1493,-0.0743,-0.6065,0.0188,-0.3124,-0.9575,-0.9791,-0.4372,-0.2581,-0.3690,0.1786,0.1025,0.1808,-0.0084,0.1131,0.0459,0.0341,0.0581,0.0195,0.0194,-0.0681,-0.0632,0.0978,-0.0734,-0.0328,-0.0195,-0.0612,0.5030,#DIV/0!,0.3585,0.8277,-0.6542,0.7356,-0.2854
0.3411,-0.2963,-0.6593,-0.3295,-0.1643,0.2328,-0.2936,-2.7510,-0.1922,-0.0033,0.0989,0.1188,0.2005,0.0159,0.1157,0.0540,0.0413,0.0722,0.0512,0.0299,-0.0440,-0.0053,0.1619,-0.0254,0.0097,-0.0154,-0.0389,0.3016,#DIV/0!,0.9023,2.0405,-0.5528,-0.5576,-0.0862
0.6520,0.1012,-0.2938,0.3934,0.2976,-1.0728,-0.7109,-0.9634,-0.3205,-0.6752,0.1951,0.1121,0.1970,0.0312,0.1063,0.0583,0.0464,0.0665,0.0660,0.0513,-0.0452,0.0345,0.1827,-0.0330,0.0259,0.0141,0.0404,-0.0265,#DIV/0!,-0.3772,1.2735,0.1463,-0.4505,-0.0303
0.6894,-0.1361,-0.4613,0.0461,-0.2363,-0.6089,-0.8865,-1.1784,-0.0794,1.1014,0.1463,0.1167,0.1941,0.0367,0.1317,0.0728,0.0502,0.0820,0.0752,0.0644,-0.0296,0.0625,0.1477,-0.0175,0.0303,0.0341,0.0640,0.1451,#DIV/0!,-1.6590,1.8315,-1.7870,0.0219,-0.0780
0.8844,-0.0378,-0.5784,-0.1080,0.1832,-1.3556,-0.7328,-2.0102,-0.0273,0.7890,0.1636,0.1297,0.2236,0.0543,0.1737,0.0806,0.0496,0.0997,0.0674,0.0491,-0.0102,0.0516,0.0430,-0.0327,0.0106,0.0936,0.0433,0.2215,#DIV/0!,-0.4280,0.4700,-2.3693,-0.4642,-0.2594
0.7672,0.0038,-0.6461,-0.3353,0.1261,-1.3416,-0.6191,-1.4950,-0.0363,1.0270,0.1655,0.1142,0.2106,0.0377,0.1780,0.0663,0.0396,0.0987,0.0576,0.0478,-0.0247,0.0311,-0.0159,-0.0409,0.0194,0.0109,0.0649,0.2984,#DIV/0!,0.6563,-0.0971,0.0625,0.6859,-0.0315
0.8324,-0.1198,-0.5909,-0.1915,0.0750,-0.0105,0.2205,-1.4826,0.0380,-0.2693,0.0869,0.1022,0.1668,0.0063,0.1671,0.0425,0.0289,0.0721,0.0364,0.0395,-0.0329,0.0278,-0.0257,-0.0319,0.0203,-0.0208,0.0562,0.2995,#DIV/0!,0.5934,1.4241,0.2133,0.8378,0.1352
0.2250,0.1713,-0.4840,0.6881,0.6829,0.6211,0.6399,-1.4028,0.1931,-0.1715,-0.0165,0.0993,0.1517,-0.0212,0.1763,0.0266,0.0095,0.0607,0.0195,0.0244,-0.0306,-0.0053,-0.0776,-0.0446,0.0003,-0.0162,0.0387,-0.1575,#DIV/0!,0.6056,0.9764,-0.2643,1.1582,-0.0114
0.0397,-0.2130,-0.6731,-0.0984,0.2170,-0.4009,-0.5377,-2.3710,-0.0836,0.8592,0.0270,0.1142,0.1881,-0.0130,0.1902,0.0230,0.0081,0.0519,0.0048,0.0030,-0.0393,-0.0305,-0.1168,-0.0476,-0.0013,-0.0061,0.0180,0.2475,#DIV/0!,0.4394,0.4548,-1.3410,1.2304,-0.1019
0.6233,0.3762,-0.2881,0.2241,0.8065,0.0002,-0.3351,-1.0398,-0.0601,-0.3957,0.0336,0.1087,0.1921,-0.0229,0.1760,0.0019,-0.0123,0.0499,-0.0122,-0.0229,-0.0379,-0.0468,-0.1476,-0.0533,-0.0148,-0.0023,0.0013,0.2011,#DIV/0!,0.4532,0.7355,-0.4131,0.8908,-0.0347
-0.1935,0.1018,-0.5858,0.1873,0.5300,-1.4184,-0.9513,-1.9416,-0.1753,-0.8205,0.1203,0.0665,0.1396,-0.0609,0.1397,-0.0212,-0.0415,0.0301,-0.0407,-0.0184,-0.0584,-0.0432,-0.1690,-0.0580,-0.0183,-0.0080,0.0166,0.1571,#DIV/0!,0.9839,0.5822,-0.4048,0.9386,-0.1441
0.5785,-0.2624,-0.5856,-0.2154,0.2758,-0.5139,-0.0060,-3.6384,-0.1028,2.0697,0.0036,0.0841,0.1527,-0.0494,0.1426,-0.0197,-0.0369,0.0324,-0.0464,-0.0177,-0.0632,-0.0509,-0.1848,-0.0440,-0.0174,-0.0117,-0.0275,0.2364,#DIV/0!,0.7997,1.2388,-1.3033,0.8490,-0.1021
0.1806,0.5802,-0.4255,0.9110,1.2799,-0.7970,-0.4118,-1.3584,-0.0459,1.0116,0.0585,0.1198,0.1963,-0.0163,0.1783,0.0121,-0.0131,0.0506,-0.0271,-0.0140,-0.0503,-0.0321,-0.1231,-0.0076,0.0150,0.0437,0.0887,-0.1463,#DIV/0!,0.4553,1.5998,-0.5589,1.0645,-0.0413
-0.0642,0.8351,-0.4085,1.4704,1.4785,-0.3496,-0.1054,-1.5524,-0.0925,0.7532,0.0762,0.1490,0.2384,0.0065,0.1922,0.0200,-0.0017,0.0554,0.0046,0.0124,-0.0389,0.0129,-0.0541,0.0252,0.0308,0.0667,0.0602,-0.5251,#DIV/0!,0.6780,0.4398,0.1921,1.1779,0.0323
0.1571,0.6372,-0.2968,1.2000,1.7186,-1.4741,-1.5074,-2.4960,-0.4857,-0.7420,0.1560,0.1309,0.2281,0.0410,0.1820,0.0406,0.0181,0.0540,0.0094,0.0292,-0.0393,0.0383,-0.0176,0.0224,0.0339,0.0394,0.0770,0.2823,#DIV/0!,-0.8672,0.9669,0.1647,-0.3742,0.0213
0.4436,0.3731,-0.8010,0.7007,1.3295,-1.7718,-1.1608,-2.6080,-0.1319,-0.1083,0.2081,0.1246,0.2201,0.0400,0.1977,0.0424,0.0036,0.0538,-0.0043,0.0219,-0.0556,0.0325,-0.0244,0.0006,0.0338,0.0356,0.1477,-0.0716,#DIV/0!,0.1464,0.4534,-1.0443,-1.0500,-0.0821
0.3948,0.4601,-0.6107,0.6305,0.7805,0.3029,0.2171,-3.4978,0.0775,-0.8394,0.0767,0.1011,0.1609,0.0159,0.1509,0.0098,-0.0120,0.0379,-0.0041,0.0127,-0.0602,0.0158,-0.0314,-0.0216,0.0253,0.0956,0.1665,0.1769,#DIV/0!,1.1602,0.9154,-0.8189,0.9143,0.0666
-0.0724,1.2134,-0.3197,1.4362,2.1857,1.0214,0.7081,-2.2591,0.1748,1.6510,0.0948,0.0846,0.1438,0.0019,0.1320,-0.0072,-0.0202,0.0043,-0.0316,0.0097,-0.0897,-0.0053,-0.0777,-0.0406,0.0139,0.0629,0.0483,0.3537,#DIV/0!,0.4131,1.2297,-0.2528,-1.5881,0.2069
0.4425,-0.0472,-0.4954,-0.2523,-0.2989,0.6052,0.5121,-2.2586,0.3244,0.0182,0.1036,0.1006,0.1666,-0.0145,0.1314,-0.0262,-0.0423,-0.0177,-0.0735,-0.0252,-0.1081,-0.0518,-0.1618,-0.0635,-0.0066,-0.0459,0.0783,0.3980,#DIV/0!,0.9402,1.2789,-2.1412,-1.0572,-0.1452
-0.1958,-0.3422,-0.0606,-0.3304,-0.6544,0.6945,-0.2341,-2.8057,-0.0669,0.0793,0.0415,0.0860,0.1355,-0.0425,0.1170,-0.0469,-0.0662,-0.0091,-0.0715,-0.0439,-0.0871,-0.0717,-0.1966,-0.0887,-0.0204,0.0091,0.0126,0.1975,#DIV/0!,0.5125,1.7582,-2.5819,0.3592,0.0364
0.0426,0.0397,0.0663,0.3914,0.2777,1.2930,1.0086,-1.5009,0.2295,-0.1005,0.0568,0.0782,0.1065,-0.0534,0.1087,-0.0550,-0.0651,-0.0214,-0.0800,-0.0390,-0.0975,-0.0693,-0.1809,-0.0590,-0.0049,0.0808,0.0337,0.1894,#DIV/0!,-0.9368,1.6922,-0.4410,0.2606,0.3133
0.4464,0.0032,-0.4112,-0.1928,-0.3684,-0.8797,-0.4295,-0.9929,0.0346,0.7770,0.0614,0.0776,0.1010,-0.0579,0.1083,-0.0581,-0.0649,-0.0217,-0.0753,-0.0373,-0.0945,-0.0695,-0.1802,-0.0718,-0.0066,0.0320,0.0643,0.0480,#DIV/0!,0.7916,1.4069,-0.8226,1.0304,0.1167
0.4199,0.1034,-0.5661,0.0201,-0.0360,-0.8584,-1.7577,-3.0671,-0.0909,2.5584,0.0102,0.1094,0.1574,-0.0239,0.1745,-0.0342,-0.0441,-0.0008,-0.0499,-0.0097,-0.0715,-0.0343,-0.1516,-0.0604,-0.0051,0.0349,0.0389,0.2526,#DIV/0!,0.0974,-0.0448,-3.0861,-0.9173,-0.3021
0.6872,0.8746,-0.3518,1.1031,1.5609,0.1996,-0.6943,-3.7515,-0.0746,2.2541,0.0805,0.1299,0.1772,0.0017,0.1884,-0.0158,-0.0237,0.0293,-0.0062,0.0062,-0.0299,-0.0004,-0.0558,0.0175,0.0283,0.0610,0.0901,0.0302,#DIV/0!,-0.8728,1.3332,-0.2037,0.5160,0.0317
0.1638,0.0532,-0.4351,0.3131,0.2830,0.0767,-0.4217,-1.7656,-0.0935,1.1337,0.1480,0.1388,0.1899,0.0484,0.1824,0.0103,0.0068,0.0413,0.0274,0.0365,-0.0169,0.0446,0.0444,0.0388,0.0454,0.0410,0.0847,0.0708,#DIV/0!,-0.5580,1.8774,-0.6025,0.5076,-0.0199
-0.3328,-0.3769,0.1309,-0.4303,-0.3630,-0.5392,-0.1147,-0.0350,-0.0308,1.1180,0.1722,0.1585,0.2155,0.0648,0.1801,0.0082,0.0065,0.0350,0.0273,0.0531,-0.0103,0.0836,0.0769,0.0522,0.0487,0.0909,0.0922,0.2065,#DIV/0!,0.1076,1.3956,-1.5710,-0.0625,-0.0377
0.8274,1.2928,0.5796,1.8679,1.2368,1.6171,1.3297,-0.6820,0.1968,2.7541,0.1467,0.1380,0.1800,0.0558,0.1214,0.0000,0.0038,0.0323,0.0321,0.0512,-0.0044,0.0825,0.0998,0.0491,0.0456,0.0720,0.1534,0.4744,#DIV/0!,0.8480,1.2880,0.0018,1.2063,0.1618
0.3567,0.7934,-0.2244,1.2502,1.2173,0.3766,0.4164,-1.2952,-0.0454,0.8526,0.2234,0.1398,0.1931,0.0857,0.1188,0.0203,0.0228,0.0182,0.0410,0.0551,-0.0175,0.0719,0.1112,0.0160,0.0246,0.0595,0.0981,0.0293,#DIV/0!,0.6170,1.5823,0.9519,0.9282,0.1884
-0.5937,0.5259,-0.3627,0.6861,0.8670,-0.8779,-0.2429,-0.8139,-0.1249,3.3336,0.1534,0.1518,0.2097,0.1019,0.1346,0.0431,0.0289,0.0468,0.0635,0.0656,0.0082,0.0895,0.1483,0.0361,0.0430,0.0423,0.1018,-0.5027,#DIV/0!,1.1365,1.1039,-1.1200,1.1042,0.2671
-0.1053,0.5859,-0.3687,0.5730,1.0405,0.7435,0.6889,-1.9225,0.2481,1.0536,0.1135,0.1921,0.2348,0.1177,0.1914,0.0648,0.0371,0.0833,0.1025,0.0622,0.0587,0.0995,0.1668,0.0708,0.0583,0.1094,0.0737,-0.0793,#DIV/0!,0.9902,2.7013,-0.0305,2.0367,0.1163
-0.3914,0.7466,0.3011,0.6879,0.6655,0.3882,0.2868,-1.7001,-0.1427,0.8638,0.0476,0.2026,0.2293,0.0975,0.2186,0.0609,0.0508,0.1067,0.1478,0.0793,0.0930,0.1038,0.1857,0.0897,0.0590,0.0813,0.0855,0.3759,#DIV/0!,0.6468,2.8320,0.6850,0.9966,0.0657
-0.4304,0.9760,-0.2162,1.4388,1.3897,0.0530,0.5944,-0.1097,0.0278,2.7379,0.1382,0.2068,0.2269,0.1028,0.2544,0.0858,0.0644,0.1141,0.1469,0.0877,0.1007,0.1100,0.1606,0.1050,0.0545,0.0814,0.2140,0.3135,#DIV/0!,-0.9447,1.0642,-1.0413,-0.7092,0.0560
0.0459,0.7358,-0.2707,0.8664,0.8575,0.8790,0.9486,-0.2335,0.3915,-0.0171,0.1345,0.1974,0.2150,0.0808,0.2828,0.0837,0.0470,0.1267,0.1287,0.0818,0.1091,0.1156,0.1253,0.0966,0.0302,0.1032,0.1531,-0.4125,#DIV/0!,-0.2478,0.8987,-0.7387,-0.2761,0.1645
-0.5516,0.0780,-0.3116,0.1162,-0.2095,0.0064,0.2732,-0.4088,0.1874,0.3822,0.1020,0.1686,0.1855,0.0556,0.2261,0.0526,0.0335,0.1142,0.1248,0.0622,0.1084,0.0867,0.0670,0.0939,0.0185,0.1107,0.1770,-0.1141,#DIV/0!,1.4941,1.8281,0.3642,0.2609,0.0483
-0.4014,-0.1056,-0.1419,-0.2472,-0.3405,-0.1221,0.2686,-1.8800,0.2894,-0.1428,0.2175,0.1735,0.1859,0.0535,0.2254,0.0522,0.0238,0.1054,0.1076,0.0525,0.0917,0.0784,0.0778,0.0955,0.0334,0.0944,0.2071,0.1827,#DIV/0!,0.7759,0.6152,0.1544,-0.6793,0.0163
0.5340,-0.3017,0.3364,-0.4947,-0.5469,0.0621,0.5238,-1.9709,0.2786,0.8470,0.2238,0.1987,0.2122,0.0852,0.2298,0.0553,0.0318,0.1005,0.1153,0.0806,0.0937,0.1299,0.1407,0.1329,0.0678,0.1177,0.1593,-0.1799,#DIV/0!,0.3266,0.5545,-0.3041,0.0822,0.1627
-0.1242,0.6236,-0.1687,0.7530,0.5090,1.3021,1.6384,-1.6492,0.3933,0.0614,0.1823,0.2255,0.2539,0.0845,0.2486,0.0618,0.0390,0.1161,0.1435,0.0985,0.1266,0.1525,0.1766,0.1621,0.0765,0.1216,0.1799,-0.0105,#DIV/0!,0.5190,3.1827,0.5237,1.3442,0.3513
-0.1262,0.6996,-0.0116,1.3061,1.9178,0.7868,1.1567,-2.3588,0.2285,0.2995,0.0908,0.2194,0.2617,0.1018,0.2497,0.0811,0.0463,0.1293,0.1588,0.0959,0.1350,0.1509,0.2243,0.1671,0.0888,0.1441,0.1875,-0.0967,#DIV/0!,-1.4879,1.4963,-1.2260,-0.1717,0.1604
0.4801,0.3100,0.2252,0.1329,1.1027,-1.2377,-0.9681,-0.3747,-0.1728,-0.3467,0.1422,0.2146,0.2635,0.1104,0.2771,0.0953,0.0569,0.1383,0.1642,0.0928,0.1444,0.1502,0.2038,0.1633,0.0792,0.0961,0.1512,0.0307,#DIV/0!,-0.2649,1.4977,-0.4717,0.3451,0.3103
0.6834,0.3203,0.1931,0.2747,0.9780,-0.9692,0.1668,-0.3551,-0.0260,-1.5495,0.1276,0.2304,0.2662,0.0939,0.3176,0.1024,0.0580,0.1465,0.1621,0.0966,0.1582,0.1479,0.1421,0.1431,0.0618,0.1326,0.1333,0.1128,#DIV/0!,-0.7621,1.4607,0.2165,-0.7332,0.3694
0.3147,1.0958,0.1754,1.4689,2.3214,0.1937,1.1961,-1.1297,0.2752,-0.5872,0.0825,0.2247,0.2386,0.0983,0.3406,0.1114,0.0602,0.1549,0.1586,0.0693,0.1662,0.1154,0.0815,0.1471,0.0596,0.1399,0.1037,0.1103,#DIV/0!,-0.9530,0.8612,-0.0266,-0.8282,0.3163
-0.4118,0.7899,0.0766,1.0946,1.7370,0.6183,0.7992,-1.1845,0.4338,1.7718,0.1217,0.2021,0.2126,0.0755,0.3390,0.0968,0.0526,0.1344,0.1268,0.0571,0.1558,0.0916,0.0264,0.1122,0.0355,0.1076,0.0632,-0.3319,#DIV/0!,1.3809,2.9021,-0.0514,2.0641,0.1595
-0.3183,0.2257,0.2823,0.3973,1.1071,1.0135,0.2611,-1.6021,0.1634,1.1087,0.0904,0.2028,0.1942,0.0390,0.3620,0.0722,0.0196,0.1250,0.1053,0.0466,0.1531,0.0820,0.0124,0.1080,0.0331,0.0844,0.0497,-0.0687,#DIV/0!,1.3257,2.4982,-0.6060,2.1014,0.1196
-0.0005,1.1772,0.2401,1.1356,1.7095,0.8195,0.3381,-2.1377,0.3314,1.1519,0.0451,0.2300,0.2433,0.0590,0.4093,0.0865,0.0119,0.1393,0.1080,0.0532,0.1672,0.0963,0.0365,0.1272,0.0464,0.0777,0.0811,0.4511,#DIV/0!,-0.7627,1.3771,-1.0927,-0.4432,0.0994
0.0625,0.9556,0.1536,1.0550,1.6654,-0.0215,0.0815,-1.4323,-0.0702,-0.4836,0.0295,0.2293,0.2529,0.0821,0.4088,0.0911,0.0237,0.1500,0.1343,0.0709,0.1923,0.1287,0.1004,0.1570,0.0586,0.0522,0.0637,-0.0558,#DIV/0!,0.0452,1.7782,-1.7639,-0.3406,0.1537
-0.6282,0.9136,0.3459,1.1542,1.7928,0.0990,0.2431,-3.1795,0.1172,1.0143,-0.0142,0.2208,0.2489,0.0676,0.3882,0.0799,0.0201,0.1270,0.1249,0.0861,0.1742,0.1491,0.1138,0.1740,0.0670,0.1059,0.1739,-0.1348,#DIV/0!,1.1724,1.9108,0.0865,0.0537,0.1663
-0.0224,0.4298,0.2742,0.3038,1.1178,0.6611,0.7510,-1.1761,0.2812,0.9707,0.0660,0.2253,0.2564,0.0731,0.3886,0.0942,0.0212,0.1347,0.1283,0.0782,0.1841,0.1419,0.0745,0.1708,0.0545,0.1239,0.0674,0.1303,#DIV/0!,-0.1552,1.6462,0.7788,0.5151,0.3486
0.0324,1.1398,0.0496,1.3240,0.6652,1.5484,1.1793,-1.8642,0.3065,-0.8319,0.1190,0.2198,0.2426,0.0930,0.3840,0.1025,0.0300,0.1308,0.1324,0.0647,0.1730,0.1212,0.0503,0.1529,0.0484,0.0801,-0.0028,-0.0708,#DIV/0!,0.6541,1.5267,0.3345,1.0833,0.2151
-0.7170,0.8138,-0.2695,1.1460,0.8120,1.2074,0.8490,-2.6242,0.2703,-0.0508,0.0029,0.2043,0.2286,0.1070,0.3305,0.0940,0.0354,0.1126,0.1198,0.0643,0.1655,0.1209,0.0613,0.1443,0.0436,0.0356,-0.0341,0.3428,#DIV/0!,1.0803,2.5139,0.5111,2.1664,0.2183
-0.8741,0.4085,-0.4263,0.8462,0.7737,1.5522,0.9123,-1.2743,0.2000,2.7930,0.0462,0.2121,0.2257,0.0941,0.2870,0.0843,0.0287,0.1095,0.1234,0.0679,0.1607,0.1282,0.0844,0.1585,0.0594,0.0505,0.0191,0.4343,#DIV/0!,0.7830,2.9028,0.0320,0.0043,0.0820
-0.5870,0.2148,0.0619,0.0245,0.7485,1.0913,1.2500,-1.4096,0.2372,2.6458,0.1112,0.2243,0.2434,0.0947,0.2790,0.0874,0.0308,0.1024,0.1224,0.0717,0.1524,0.1387,0.0983,0.1595,0.0668,0.0559,0.0525,0.1489,#DIV/0!,0.2737,2.7368,-0.5268,-1.1474,0.0364
-0.2335,0.9313,0.4260,1.3371,1.3265,-0.6205,-0.2446,-2.8521,0.1133,1.6435,0.0748,0.2236,0.2489,0.1024,0.2583,0.0962,0.0363,0.1085,0.1237,0.0697,0.1570,0.1251,0.0830,0.1505,0.0624,0.0713,0.1096,-0.1236,#DIV/0!,0.3831,1.8774,-0.3634,0.0414,0.0364
-0.3910,1.3741,-0.2565,1.6212,1.7025,-0.1432,0.2679,-2.7108,0.2330,1.5411,0.1133,0.2118,0.2379,0.1030,0.2481,0.1040,0.0444,0.1143,0.1350,0.0672,0.1689,0.1186,0.0597,0.1645,0.0643,0.0867,0.1447,-0.5931,#DIV/0!,0.8762,2.5207,0.2099,0.4550,0.0159
-0.8682,0.6528,-0.5456,0.7383,0.7849,-0.1408,-0.2885,-1.7021,0.0155,1.4595,0.1482,0.2183,0.2321,0.0831,0.2866,0.1057,0.0410,0.1182,0.1277,0.0636,0.1756,0.1106,0.0428,0.1468,0.0481,0.0597,0.1202,-0.0995,#DIV/0!,1.1016,2.2596,0.4085,2.1237,-0.0298
-0.5816,0.2155,-0.1428,0.2484,0.7588,1.1346,0.3002,-0.6878,0.3383,2.4594,0.1508,0.2036,0.2150,0.0797,0.2983,0.1087,0.0432,0.1211,0.1243,0.0589,0.1732,0.0909,0.0013,0.1521,0.0442,0.0708,0.1469,-0.0350,#DIV/0!,0.8313,1.9089,0.5568,0.5026,0.0380
0.1672,0.8598,0.4057,1.0324,0.9686,0.9347,0.6383,-2.1870,0.3672,2.3716,0.1269,0.1724,0.1968,0.0534,0.2862,0.0878,0.0172,0.0919,0.0864,0.0339,0.1432,0.0602,-0.0603,0.0902,0.0117,0.0804,0.0857,-0.1913,#DIV/0!,0.8896,1.9751,-0.1080,-0.0652,0.0488
0.2054,0.7337,-0.1517,0.9537,0.5461,1.7173,1.4105,-1.1460,0.3195,1.1537,0.0872,0.1516,0.1610,0.0232,0.2651,0.0545,-0.0058,0.0686,0.0675,0.0387,0.1289,0.0427,-0.0882,0.0471,-0.0122,0.0648,-0.0229,-0.1743,#DIV/0!,0.4788,1.5120,-0.0073,0.2884,0.0660
0.0870,0.6004,0.0275,0.7434,0.9117,0.3627,0.0664,-1.0366,0.0573,-1.1556,0.1267,0.1337,0.1490,0.0298,0.2286,0.0398,-0.0142,0.0476,0.0324,0.0138,0.0960,0.0038,-0.1196,0.0107,-0.0117,0.0781,-0.1066,-0.0514,#DIV/0!,0.8236,1.4485,-0.8770,0.2725,-0.0410
-0.1982,0.9676,-0.0471,0.7639,1.2288,0.4457,0.0484,-1.2568,0.2400,0.8655,0.1398,0.1236,0.1354,0.0157,0.2050,0.0241,-0.0205,0.0181,-0.0100,0.0001,0.0551,-0.0146,-0.1067,0.0020,0.0008,0.1393,-0.0175,-0.0816,#DIV/0!,1.2140,1.3047,-0.0996,0.0310,0.0611
0.0118,0.2871,-0.5529,0.1909,0.7924,1.0006,0.6264,-0.4670,0.2189,1.7927,0.0501,0.1146,0.1182,0.0069,0.1853,0.0158,-0.0253,0.0058,-0.0196,0.0032,0.0431,-0.0119,-0.0673,0.0129,0.0025,0.1136,0.1218,-0.3857,#DIV/0!,0.9364,2.3696,0.5980,1.7375,0.2093
-0.7283,0.0542,-0.3959,-0.1301,0.1592,0.0280,-0.3717,-1.6757,0.0872,-0.4390,0.0569,0.1375,0.1382,0.0320,0.1619,0.0306,-0.0192,0.0000,-0.0161,0.0063,0.0344,0.0037,-0.0192,0.0276,0.0136,0.0815,0.1001,-0.2324,#DIV/0!,0.7364,2.7440,0.4094,1.4678,0.0600
-0.3167,0.4252,-0.1837,0.6309,0.6791,-0.8292,-0.2135,-0.6724,-0.0274,0.4220,0.0675,0.1810,0.1840,0.0562,0.1779,0.0548,0.0020,0.0176,0.0162,0.0379,0.0661,0.0536,0.0416,0.0426,0.0156,0.1191,0.0176,0.2389,#DIV/0!,0.0132,1.1332,0.5055,0.1771,0.0788
0.0670,-0.3088,-0.1464,0.0423,-0.6424,1.0709,0.7616,-0.3884,-0.1035,1.6196,0.0673,0.2000,0.2062,0.0524,0.1976,0.0660,0.0103,0.0401,0.0579,0.0460,0.0885,0.0709,0.0646,0.0865,0.0297,0.1022,0.0771,0.7681,#DIV/0!,-0.4836,0.0778,0.3106,-1.0215,0.1336
-0.4342,-0.6541,0.2197,-0.3480,-0.7657,0.9476,0.3030,-3.4699,-0.1914,1.3211,0.0439,0.2029,0.2061,0.0745,0.2044,0.0849,0.0207,0.0421,0.0565,0.0406,0.0860,0.0690,0.0597,0.1016,0.0494,0.0779,0.0971,0.3953,#DIV/0!,0.1578,0.6695,-1.6101,-0.4497,-0.1579
-0.3604,-1.0192,-0.6689,-0.4885,-0.5233,-0.7951,-1.7985,-2.5549,-0.1408,-0.4248,0.1354,0.2261,0.2211,0.0936,0.2474,0.1073,0.0250,0.0543,0.0572,0.0508,0.1033,0.0929,0.0709,0.1156,0.0561,0.0883,0.1390,0.1337,#DIV/0!,-0.9879,1.0883,-0.2000,-0.5931,-0.1286
0.4045,-0.4195,-0.6153,-0.4329,-0.5691,0.3874,-0.3123,-1.6620,0.1855,0.3858,0.1384,0.2284,0.2305,0.0929,0.2803,0.1120,0.0329,0.0688,0.0777,0.0522,0.1214,0.0869,0.0446,0.1092,0.0440,0.0692,0.1394,0.2034,#DIV/0!,-0.1431,1.3527,0.4551,0.6412,0.1265
0.1600,-0.0685,-0.3863,-0.0350,-0.0293,0.0736,0.4106,-2.9950,0.3538,1.4882,0.0087,0.1953,0.1958,0.0866,0.2438,0.0987,0.0324,0.0488,0.0573,0.0541,0.1044,0.0738,0.0061,0.0879,0.0185,0.1226,0.0615,0.1103,#DIV/0!,0.7783,0.4831,-1.4069,0.1600,-0.1281
0.0680,-0.3471,0.3167,-0.6358,-0.1571,-0.7552,-0.4245,-1.4438,-0.2819,0.7858,0.0080,0.1836,0.1762,0.0601,0.2447,0.0835,0.0185,0.0462,0.0577,0.0494,0.1051,0.0729,0.0042,0.0970,0.0294,0.0705,0.0962,-0.1504,#DIV/0!,0.7323,0.7386,-0.6789,1.2555,-0.0744
0.2199,-0.2589,0.2846,-0.9023,-0.7245,0.0362,-0.1892,-1.8873,0.0822,1.2051,-0.0653,0.1777,0.1643,0.0391,0.2608,0.0696,0.0031,0.0341,0.0420,0.0307,0.0957,0.0505,-0.0116,0.0563,0.0097,0.0806,0.0571,-0.0007,#DIV/0!,0.4610,1.3665,-0.3983,1.2456,-0.0568
0.4402,-1.4715,-0.1694,-1.7332,-0.6666,0.0454,-0.0157,-1.1361,0.2585,2.5673,0.0548,0.1748,0.1697,0.0316,0.2801,0.0567,-0.0112,0.0235,0.0155,0.0160,0.0826,0.0366,-0.0608,0.0609,-0.0009,0.0767,0.1302,0.3956,#DIV/0!,0.2900,1.6424,-0.5880,0.2876,0.0140
-0.0869,-1.4025,-0.7993,-1.6723,-1.6189,-0.8981,-0.5954,-3.0892,0.0198,1.0417,0.0275,0.1621,0.1636,0.0224,0.2737,0.0358,-0.0255,0.0056,-0.0088,0.0010,0.0578,0.0090,-0.0831,0.0280,-0.0085,0.0544,0.0406,0.3809,#DIV/0!,0.7051,0.3529,-1.7114,-0.2484,-0.0889
-0.0573,-0.6719,-0.0835,-0.8994,-1.5614,0.1326,-0.2899,-2.9300,0.1695,1.2164,0.0453,0.1349,0.1368,0.0212,0.2315,0.0328,-0.0247,0.0020,-0.0045,0.0066,0.0628,0.0100,-0.0721,0.0151,-0.0136,0.0422,-0.1172,0.4393,#DIV/0!,-0.6417,0.0423,-1.4588,-0.6901,-0.1889
0.3196,-0.2304,0.2856,-0.4778,-0.8322,-0.8803,-0.9138,-1.7217,0.0319,-0.0975,0.0651,0.1679,0.1675,0.0267,0.2482,0.0437,-0.0198,0.0277,0.0242,0.0175,0.1021,0.0395,-0.0398,0.0543,0.0021,0.1126,0.0177,0.1534,#DIV/0!,-0.2012,1.1954,-1.1022,0.8311,-0.1905
0.1149,-0.1294,-0.2635,-0.3459,-0.2081,-1.0390,-1.3025,-0.2537,-0.2468,-0.6236,0.1083,0.1703,0.1630,0.0567,0.2356,0.0598,-0.0035,0.0407,0.0494,0.0412,0.1236,0.0741,0.0162,0.0992,0.0343,0.0931,0.0850,-0.1280,#DIV/0!,0.1507,0.6487,-0.5012,0.7537,0.0945
1.2382,-0.5652,0.5368,-1.0750,-0.6613,-0.7243,-0.8820,-0.8626,-0.1290,2.1875,0.1131,0.1442,0.1405,0.0584,0.2047,0.0533,-0.0029,0.0295,0.0477,0.0443,0.1235,0.0817,0.0419,0.0870,0.0299,0.1235,0.0296,0.0807,#DIV/0!,-0.9588,1.0108,-0.1085,0.1766,-0.0983
0.7589,-0.6147,0.3123,-0.8405,-0.4811,-1.5734,-1.8114,-0.8230,-0.0916,-0.4423,0.0710,0.1256,0.1343,0.0489,0.1872,0.0475,-0.0127,0.0185,0.0328,0.0255,0.1175,0.0662,0.0109,0.0734,0.0179,0.1067,0.0542,0.0220,#DIV/0!,-0.6820,1.1353,-0.9982,-1.1311,-0.1622
0.1339,-0.7058,-0.1501,-1.0247,-0.8078,-0.3052,-1.1089,-0.7343,-0.1968,0.7757,0.0530,0.1148,0.1095,0.0455,0.2027,0.0537,-0.0065,0.0138,0.0187,0.0281,0.1185,0.0623,-0.0044,0.0871,0.0247,0.0886,0.1266,-0.0264,#DIV/0!,-0.9897,0.9150,-0.1320,-0.2161,0.0491
-0.0769,-0.5282,-0.0988,-0.7005,-0.4096,0.4773,-0.8216,-1.5677,-0.0907,2.3292,-0.0164,0.1106,0.0940,0.0149,0.2049,0.0340,-0.0303,0.0165,0.0128,-0.0091,0.1158,0.0224,-0.0596,0.0651,-0.0010,0.0796,0.0413,-0.2230,#DIV/0!,-0.7206,1.1436,0.4577,0.1706,0.0890
-1.2391,-0.5245,-0.0614,-0.7161,-1.1713,0.2287,-0.3985,-2.7705,-0.0113,1.9363,0.0295,0.1008,0.0986,0.0127,0.1847,0.0165,-0.0373,0.0011,-0.0102,0.0084,0.0716,0.0157,-0.0770,0.0178,-0.0274,0.0605,-0.1636,-0.0210,#DIV/0!,-1.2290,1.2029,-1.6750,-1.9755,-0.0915
0.4411,-0.2003,-0.0056,-0.6565,-1.0492,-0.5769,-1.8107,-1.4208,-0.3421,0.2276,-0.0397,0.0783,0.0857,-0.0108,0.1739,0.0094,-0.0428,0.0039,0.0068,0.0118,0.0649,0.0141,-0.0448,-0.0130,-0.0271,0.0730,-0.2062,0.6070,#DIV/0!,0.2782,0.2178,-0.7395,-1.6266,-0.0321
-0.7956,-0.8450,-0.8298,-0.8390,-0.4718,-0.7497,-1.2329,-1.3673,-0.1807,-1.6518,-0.1222,0.0554,0.0534,0.0119,0.1500,0.0099,-0.0390,0.0095,0.0288,0.0200,0.0693,0.0323,0.0101,0.0273,0.0050,0.0813,0.0400,0.3302,#DIV/0!,-0.0648,0.1355,-0.6705,-0.3656,-0.0365
-0.1719,-0.4937,-0.0316,-0.5417,-0.2738,-0.0648,-0.1937,-1.9898,-0.1389,1.2401,-0.0345,0.0687,0.0985,0.0323,0.1303,0.0074,-0.0350,0.0022,0.0143,0.0242,0.0656,0.0506,0.0314,0.0601,0.0238,0.1018,0.1267,-0.1220,#DIV/0!,0.7640,0.8151,-1.1452,0.3234,-0.0192
1.5744,-1.0425,1.5885,-0.9317,-1.7993,0.2512,-0.2167,-1.1146,-0.2876,1.1754,0.0065,0.0792,0.1278,0.0426,0.1151,0.0051,-0.0266,-0.0154,0.0031,0.0186,0.0713,0.0484,0.0391,0.0755,0.0241,0.1223,0.0267,-0.0470,#DIV/0!,0.8419,1.4201,-0.1108,0.0063,0.0042
0.8375,-0.4993,-0.2305,-0.5884,-1.1183,-0.1207,0.2137,-1.3396,-0.0022,-1.9124,-0.0579,0.0688,0.0605,0.0309,0.1187,0.0235,-0.0176,0.0013,0.0400,0.0327,0.1029,0.1008,0.0995,0.1116,0.0423,0.1155,-0.0805,0.1242,#DIV/0!,0.6479,0.9826,-1.9861,-0.0231,0.0725
0.5234,-0.4577,-0.6351,-0.3570,-0.6173,-1.3794,-2.0001,-1.0231,-0.4382,-3.2419,-0.0730,0.0622,0.0393,0.0220,0.1461,0.0291,-0.0119,0.0134,0.0675,0.0490,0.1237,0.1159,0.1291,0.1330,0.0533,0.0783,0.0109,0.1918,#DIV/0!,0.2791,0.3517,-0.6470,1.2917,-0.1436
0.7953,-0.0284,-0.3513,0.0283,-0.3408,-1.3526,-1.1347,-1.8617,-0.3417,-0.6817,-0.0639,0.0724,0.0799,0.0263,0.1433,0.0238,-0.0036,-0.0008,0.0550,0.0392,0.1199,0.0877,0.0753,0.1191,0.0388,0.1078,0.1103,0.0595,#DIV/0!,0.2755,0.3946,-0.5954,-1.5314,-0.1868
0.4183,0.6015,0.2589,0.5136,0.9158,-0.0841,0.1813,-2.1168,0.0655,-0.4079,-0.0765,0.0710,0.0669,0.0309,0.1362,0.0339,-0.0027,0.0072,0.0619,0.0245,0.1184,0.0736,0.0359,0.1071,0.0219,0.1318,0.0719,0.0330,#DIV/0!,-0.0321,1.1896,-0.4768,-0.6595,0.1532
-0.2345,0.1183,0.1689,-0.2512,1.0053,1.0743,-0.2777,-1.9146,-0.3135,0.0802,-0.0802,0.0656,0.0588,0.0140,0.1372,0.0296,-0.0133,0.0316,0.0740,0.0278,0.1442,0.0634,-0.0125,0.0824,0.0015,0.0628,0.0293,-0.1555,#DIV/0!,-0.2428,0.6710,0.1732,0.4349,0.0502
0.2865,-0.6358,0.4357,-0.7801,0.0336,-1.2155,-2.2431,-2.3965,-0.4111,0.2747,-0.1069,0.0298,0.0356,0.0193,0.0761,0.0199,-0.0163,0.0018,0.0362,0.0260,0.1147,0.0543,-0.0421,0.0610,-0.0146,0.0556,-0.0114,-0.2396,#DIV/0!,0.5129,0.1144,-1.4127,0.0701,-0.2555
-0.1041,-0.0188,0.1689,-0.2686,-0.0426,0.1165,-0.8073,-1.0076,-0.2107,-0.0919,-0.0637,0.0047,0.0095,-0.0174,0.0232,-0.0217,-0.0425,-0.0330,-0.0074,-0.0012,0.0798,0.0186,-0.0710,0.0376,-0.0282,0.0453,-0.0519,-0.2952,#DIV/0!,0.5457,0.4263,-2.1644,-1.9598,-0.1490
0.9490,0.3018,0.1287,0.1012,0.0156,1.0832,0.4191,-0.9827,-0.2581,0.3020,-0.1231,0.0144,0.0132,-0.0444,0.0215,-0.0513,-0.0676,-0.0540,-0.0336,-0.0110,0.0770,-0.0014,-0.0883,0.0171,-0.0487,0.0819,-0.1020,0.1638,#DIV/0!,0.1129,0.9605,-0.0772,0.5189,-0.0291
0.1664,0.1705,-0.2831,0.3331,0.0927,-1.0535,-0.6965,-0.9260,-0.2208,-0.3418,-0.0838,-0.0084,-0.0074,-0.0471,0.0107,-0.0591,-0.0740,-0.0734,-0.0579,-0.0132,0.0662,-0.0027,-0.0854,0.0370,-0.0287,0.1035,0.0104,-0.0741,#DIV/0!,0.6059,1.0866,-0.4063,-0.2399,-0.0933
-1.7026,0.3998,-0.3962,0.1310,0.3634,-1.5369,-1.5150,-1.9650,-0.1732,-1.0095,-0.1297,-0.0335,-0.0485,-0.0616,-0.0051,-0.0780,-0.0901,-0.0979,-0.0887,-0.0334,0.0283,-0.0276,-0.1083,0.0113,-0.0402,0.0787,-0.0297,-0.3210,#DIV/0!,0.5105,1.4286,-1.2253,-0.8064,-0.1508
-1.3660,0.1238,0.1367,0.2206,1.0278,0.3037,0.3597,-0.6596,-0.1006,-0.6011,-0.0781,-0.0403,-0.0518,-0.0792,-0.0448,-0.0964,-0.1171,-0.1200,-0.1249,-0.0562,0.0107,-0.0558,-0.1491,-0.0153,-0.0585,0.0617,-0.1491,0.0757,#DIV/0!,0.2954,-0.0056,-1.5282,0.9758,-0.1143
-0.9309,-0.7025,-0.0035,-0.4506,-0.2445,0.5758,0.1031,-0.1869,-0.4168,-1.0541,-0.0868,-0.0365,-0.0558,-0.0720,-0.0284,-0.0872,-0.1119,-0.1300,-0.1367,-0.0611,0.0072,-0.0598,-0.1584,-0.0131,-0.0503,0.1153,-0.0755,-0.0057,#DIV/0!,0.5973,1.6010,-1.0794,-0.3513,-0.0905
0.0842,0.2831,0.4584,0.5714,0.4825,-1.0876,-0.5651,-1.1573,-0.0996,-3.0196,-0.1377,-0.0386,-0.0725,-0.0532,-0.0071,-0.0810,-0.1079,-0.1195,-0.1273,-0.0654,0.0128,-0.0430,-0.1028,0.0157,-0.0281,0.1177,-0.0403,-0.2141,#DIV/0!,0.8947,0.5087,-1.8505,0.5248,-0.1252
0.1280,-0.0573,0.5221,-0.0925,0.2312,-0.8478,-0.6757,-3.4573,-0.0330,-1.6024,-0.1062,-0.0026,-0.0123,-0.0337,0.0184,-0.0684,-0.1029,-0.1241,-0.1218,-0.0574,0.0180,-0.0217,-0.0498,0.0343,-0.0201,0.0827,-0.0739,0.3358,#DIV/0!,0.8801,0.9540,-1.7989,0.5851,-0.2103
-0.3197,-0.8231,0.2223,-1.0747,-1.4272,-0.3790,-1.0284,-2.4330,-0.0365,-0.2025,-0.0064,0.0523,0.0549,-0.0113,0.0905,-0.0378,-0.0789,-0.1018,-0.0949,-0.0186,0.0527,0.0302,0.0166,0.0789,-0.0002,0.1180,-0.0725,0.5315,#DIV/0!,0.7534,0.6525,-1.0315,-0.4977,-0.2308
-0.4513,-0.0807,-0.3408,-0.1922,-0.3092,0.3436,-0.2208,-2.9093,0.2099,-0.4540,-0.0740,0.0813,0.0775,0.0125,0.1219,-0.0144,-0.0575,-0.0735,-0.0623,-0.0084,0.0877,0.0583,0.0537,0.1145,0.0086,0.1444,-0.0442,-0.4691,#DIV/0!,0.6575,1.1109,-1.0885,-0.0721,-0.1192
0.2199,0.5279,-0.7486,0.4366,1.0174,0.1203,0.2198,-2.0533,0.0672,0.5999,-0.0104,0.1142,0.1119,0.0250,0.1710,0.0020,-0.0455,-0.0615,-0.0309,0.0010,0.1046,0.0733,0.0845,0.1425,0.0177,0.1347,0.0657,-0.1344,#DIV/0!,1.1030,2.3502,-0.3961,0.3851,0.0766
0.1649,-0.0783,-0.3269,0.2271,0.2326,-1.5767,-1.0518,-3.0312,-0.3709,0.9875,-0.0021,0.1001,0.0854,0.0299,0.1739,0.0211,-0.0424,-0.0511,-0.0358,0.0047,0.1047,0.0838,0.0732,0.1202,0.0033,0.1491,-0.0076,0.1591,#DIV/0!,-0.8064,0.5581,0.1267,0.2058,-0.0505
-0.0098,0.0407,0.2993,-0.0100,0.6800,-0.0133,-0.4738,-0.3962,-0.1061,1.2409,-0.0238,0.0956,0.0702,0.0146,0.1730,0.0198,-0.0374,-0.0391,-0.0236,0.0133,0.1215,0.0877,0.0517,0.1362,0.0040,0.1171,-0.0958,0.0998,#DIV/0!,-1.2987,1.6894,-0.1895,-0.2512,0.0849
0.5015,-0.5918,0.3754,-0.7808,0.1562,-0.6756,-0.6790,-0.3534,-0.1616,1.3055,-0.0365,0.0792,0.0623,0.0171,0.1353,0.0056,-0.0377,-0.0548,-0.0302,0.0137,0.1027,0.0723,0.0117,0.1270,-0.0010,0.1300,-0.0460,0.3203,#DIV/0!,0.2674,2.5110,0.5589,0.7190,0.1279
1.3549,-0.0336,0.0200,0.1704,-0.1070,-1.6915,-1.4801,-1.0485,-0.5187,1.9110,-0.0699,0.0612,0.0497,0.0026,0.1009,-0.0072,-0.0493,-0.0729,-0.0468,-0.0101,0.0852,0.0380,-0.0346,0.1056,-0.0103,0.0944,0.0855,0.3445,#DIV/0!,0.6255,1.6914,0.1431,1.0053,-0.0857
0.7047,1.0790,0.1689,1.1332,2.0850,2.0453,-0.2218,-1.2738,-0.4646,0.7417,-0.0667,0.0466,0.0299,-0.0018,0.0678,-0.0199,-0.0580,-0.0828,-0.0621,-0.0110,0.0708,0.0238,-0.0454,0.0703,-0.0189,0.1133,0.0355,0.1698,#DIV/0!,-1.2079,1.4902,-0.8112,0.3516,0.3023
0.1353,0.4384,0.5022,0.4730,0.8277,-0.0352,-0.1601,-1.5208,-0.0755,0.2677,-0.0519,0.0252,0.0061,-0.0229,0.0333,-0.0390,-0.0726,-0.0864,-0.0770,-0.0348,0.0412,-0.0231,-0.0943,0.0205,-0.0332,0.0451,-0.0070,0.2611,#DIV/0!,-0.3012,1.4929,-0.4332,0.4970,0.0263
0.0626,-0.0891,0.3581,-0.2171,0.2361,1.7412,0.8315,-1.0978,0.1548,-1.2000,-0.0516,0.0118,-0.0233,-0.0337,0.0274,-0.0522,-0.0806,-0.0949,-0.0943,-0.0486,0.0126,-0.0364,-0.0743,0.0111,-0.0265,0.0917,-0.0716,0.2250,#DIV/0!,0.8975,1.0679,0.0529,0.8220,0.2112
0.5678,0.7201,0.5679,0.3648,0.3598,-0.4525,-0.5470,-0.4119,-0.2575,-3.7711,-0.1776,-0.0339,-0.1014,-0.0512,-0.0121,-0.0733,-0.0864,-0.1210,-0.0966,-0.0374,-0.0170,-0.0145,-0.0180,0.0288,-0.0066,0.1394,-0.0824,-0.2208,#DIV/0!,0.1741,1.0840,0.0371,0.6703,0.1004
0.2749,1.1973,0.4780,1.4284,1.1442,0.4763,-0.1077,-0.9770,-0.1574,-3.8928,-0.0712,-0.0356,-0.1035,-0.0404,-0.0309,-0.0786,-0.0798,-0.1379,-0.1059,-0.0270,-0.0267,-0.0076,-0.0213,0.0189,-0.0186,0.1035,-0.0187,-0.0574,#DIV/0!,0.5667,0.5942,-0.1210,-0.0036,0.0447
0.4674,0.0764,0.0864,0.1916,0.5151,1.7285,1.3333,-3.3827,0.2444,-3.8235,-0.0994,-0.0248,-0.0985,-0.0283,-0.0072,-0.0693,-0.0793,-0.1455,-0.1226,-0.0357,-0.0396,-0.0222,-0.0379,0.0035,-0.0242,0.0992,-0.0369,-0.0301,#DIV/0!,1.1722,1.5249,0.7666,1.0962,0.1128
0.4321,-0.4657,0.8148,-0.6648,-0.5886,-0.4446,0.0084,-1.0143,0.0592,-3.4737,-0.1243,-0.0354,-0.0894,-0.0365,0.0046,-0.0749,-0.0894,-0.1572,-0.1285,-0.0439,-0.0517,-0.0407,-0.0435,-0.0174,-0.0177,0.0776,-0.0231,0.2422,#DIV/0!,0.7155,0.2784,-0.1846,1.1133,-0.0571
-0.0500,0.1674,-0.5639,0.2690,0.9786,0.5024,0.1326,-1.2503,0.1065,-2.0670,-0.1372,-0.0318,-0.0764,-0.0500,0.0225,-0.0786,-0.1073,-0.1517,-0.1351,-0.0667,-0.0369,-0.0696,-0.0764,-0.0330,-0.0279,0.0829,-0.0341,-0.0841,#DIV/0!,-0.0129,-0.2366,-0.9827,-1.7546,0.0574
-0.5489,-0.0457,-1.0490,0.1097,0.3969,1.3057,0.1240,-0.9715,0.0563,-1.3186,-0.1865,-0.0324,-0.0724,-0.0604,0.0405,-0.0803,-0.1216,-0.1603,-0.1624,-0.0743,-0.0372,-0.0755,-0.1030,-0.0248,-0.0352,0.0902,-0.0058,0.1113,#DIV/0!,0.8744,0.6799,-1.1709,-0.2603,0.1155
-0.4088,-0.0471,-0.2310,0.2073,-0.1830,0.8963,0.1330,-1.1612,0.0283,-2.1327,-0.0631,-0.0368,-0.0800,-0.0719,0.0443,-0.0956,-0.1156,-0.1699,-0.1664,-0.0625,-0.0391,-0.0691,-0.0657,-0.0153,-0.0153,0.1525,0.0018,0.5926,#DIV/0!,0.4261,0.6877,-1.4184,-0.0726,0.0838
-0.2563,-0.1272,-0.2505,0.1185,0.0460,-0.9593,-0.3442,-1.6734,-0.1726,-2.0828,-0.0384,-0.0299,-0.0745,-0.0635,0.0503,-0.0928,-0.1199,-0.1753,-0.1766,-0.0778,-0.0560,-0.0794,-0.0740,-0.0270,-0.0183,0.1238,-0.0521,-0.0320,#DIV/0!,-1.1525,1.1520,-1.6110,0.0989,-0.1365
0.6330,1.2606,-0.2596,1.7062,2.1158,-0.1600,0.2973,-1.1292,0.1961,-1.3685,-0.0903,-0.0345,-0.0800,-0.0563,0.0512,-0.0861,-0.1155,-0.1705,-0.1699,-0.0673,-0.0550,-0.0854,-0.0921,-0.0387,-0.0248,0.0872,0.0008,-0.0896,#DIV/0!,0.6772,1.4926,0.2474,1.3599,-0.1139
0.6010,0.8965,-0.4890,1.2283,1.7427,-0.1345,0.4123,-3.7928,0.1921,-1.3852,-0.0375,-0.0354,-0.0689,-0.0370,0.0665,-0.0831,-0.1055,-0.1698,-0.1535,-0.0566,-0.0488,-0.0855,-0.0909,-0.0123,-0.0177,0.1198,0.0637,0.0022,#DIV/0!,1.3219,0.8983,-0.7849,-0.0200,-0.0450
0.1934,0.4273,-0.1927,0.6125,1.4783,0.6610,0.7490,-1.4628,-0.1152,-1.1958,-0.0289,-0.0458,-0.0718,-0.0255,0.0350,-0.0757,-0.0960,-0.1667,-0.1559,-0.0490,-0.0452,-0.0774,-0.1217,-0.0190,-0.0340,0.0968,-0.0278,0.1536,#DIV/0!,-0.0758,2.2756,-0.4698,-0.2059,0.1187
0.8239,0.3954,0.1300,0.4879,0.6344,-0.0565,-0.1097,-1.8819,-0.1759,-1.3239,-0.1066,-0.0624,-0.0933,-0.0508,-0.0113,-0.0989,-0.1090,-0.1774,-0.1682,-0.0637,-0.0385,-0.0788,-0.1164,-0.0362,-0.0398,0.1197,-0.0446,-0.0313,#DIV/0!,-1.8363,0.8702,-1.6972,-3.2643,-0.0916
0.0806,0.4800,-0.7178,0.6539,0.6541,0.0296,-0.3702,-2.1894,0.0355,-1.0877,-0.1108,-0.0410,-0.0794,-0.0418,-0.0074,-0.0970,-0.1119,-0.1673,-0.1551,-0.0631,-0.0045,-0.0582,-0.0842,0.0001,-0.0233,0.1208,-0.0168,0.2573,#DIV/0!,-1.4553,1.1071,-1.0254,-0.8786,0.0529
0.2320,1.0899,-0.2950,1.6250,1.5109,-0.6354,-0.5970,-1.0093,-0.1079,-0.9774,-0.1068,0.0147,-0.0264,-0.0302,0.0350,-0.0785,-0.1008,-0.1478,-0.1171,-0.0489,0.0278,-0.0273,-0.0226,0.0487,0.0065,0.1401,0.1355,-0.0964,#DIV/0!,-1.2467,0.8916,-0.5677,-0.2341,0.1598
0.5930,0.3777,0.4140,0.6792,0.8993,0.1854,-0.4453,-0.9536,0.0014,-1.5691,-0.0171,0.0236,-0.0284,-0.0046,0.0320,-0.0613,-0.0841,-0.1358,-0.0868,-0.0245,0.0477,0.0196,0.0659,0.0816,0.0330,0.1443,0.0550,-0.2666,#DIV/0!,-0.8908,1.1380,-2.3160,-1.2930,-0.0817
0.2706,0.2786,0.2916,0.0415,0.6273,0.4181,0.3854,-1.2562,0.2095,-0.3881,-0.0514,0.0406,-0.0069,0.0336,0.0242,-0.0424,-0.0685,-0.1403,-0.0714,-0.0064,0.0675,0.0507,0.0937,0.1122,0.0293,0.1122,-0.0053,-0.2022,#DIV/0!,0.2991,2.3702,-1.2536,-0.3653,0.0706
0.2616,0.4932,0.2339,0.3587,0.9123,0.9212,0.8790,-2.0066,0.1543,0.6303,0.0124,0.0436,0.0079,0.0216,0.0427,-0.0284,-0.0612,-0.1109,-0.0464,-0.0010,0.0984,0.0649,0.0973,0.1313,0.0315,0.0946,0.1615,0.0780,#DIV/0!,1.0852,2.1112,-1.9298,-1.5941,0.1134
0.6256,0.8873,0.3630,1.1447,1.4076,1.0512,0.0906,-1.0698,0.1635,1.4595,0.0256,0.0608,0.0162,0.0258,0.0661,-0.0188,-0.0474,-0.0925,-0.0278,0.0089,0.1139,0.0751,0.1135,0.1534,0.0441,0.1151,0.2146,-0.1526,#DIV/0!,-1.4738,1.8496,-1.4512,-1.1384,0.0169
0.8992,0.0466,-0.4006,0.2943,0.1859,0.5914,-0.2611,-1.1567,0.1219,1.2506,-0.0200,0.0620,0.0125,0.0485,0.0613,-0.0072,-0.0370,-0.0876,-0.0165,-0.0077,0.1101,0.0620,0.0888,0.1569,0.0438,0.1577,0.1359,-0.2145,#DIV/0!,-2.5576,1.0487,-1.1209,-1.8420,0.0386
0.1382,0.4179,-0.9517,0.6296,0.7638,-0.0074,-0.3372,-0.4793,0.1370,1.9193,0.0219,0.0628,0.0129,0.0458,0.0647,0.0069,-0.0377,-0.0798,-0.0121,-0.0168,0.1119,0.0504,0.0641,0.1347,0.0262,0.1267,0.0067,0.2536,#DIV/0!,0.7530,-0.2714,-0.2646,-1.7923,0.0707
0.4111,0.8888,-0.4486,0.8889,1.2468,1.1274,0.6233,-0.6792,0.4318,1.9818,-0.0048,0.0809,0.0270,0.0408,0.0819,0.0130,-0.0272,-0.0617,0.0054,0.0230,0.1216,0.0758,0.0937,0.1238,0.0212,0.1101,0.0119,0.2796,#DIV/0!,0.1192,1.2812,0.7899,1.3078,0.1195
0.3947,0.8168,0.1422,0.9654,1.2065,1.0058,1.0801,-2.9141,0.4467,1.8667,0.0425,0.0813,0.0278,0.0273,0.0827,0.0049,-0.0264,-0.0523,0.0259,0.0259,0.1153,0.0744,0.1082,0.1307,0.0304,0.1463,0.0261,-0.3681,#DIV/0!,1.0458,2.0544,-0.3893,2.0901,-0.0373
0.7130,-0.1365,0.2296,0.0218,0.5484,1.0795,0.3819,-2.5139,0.0915,0.6114,0.0135,0.0605,0.0024,0.0210,0.0494,-0.0106,-0.0426,-0.0722,0.0093,0.0063,0.0935,0.0632,0.1113,0.1217,0.0278,0.1361,-0.0409,-0.0356,#DIV/0!,-0.3671,-0.4780,0.5324,-0.6263,0.1212
1.1527,0.3529,0.5033,0.1240,1.3873,1.8111,0.5798,-1.6372,-0.2254,2.3928,-0.0155,0.0452,0.0063,0.0208,0.0199,-0.0290,-0.0388,-0.0880,0.0003,0.0220,0.0724,0.0565,0.0959,0.1055,0.0198,0.1397,0.0520,0.0666,#DIV/0!,0.5053,1.2668,-0.8368,0.0729,0.3216
0.8012,0.3012,1.3808,0.6566,0.4736,1.3643,0.4528,-0.7277,-0.3918,1.9377,0.0057,0.0368,-0.0179,0.0238,-0.0100,-0.0319,-0.0322,-0.1010,0.0003,0.0053,0.0681,0.0400,0.0866,0.1109,0.0358,0.1583,0.1554,-0.3225,#DIV/0!,0.9905,1.8220,0.1232,0.8955,0.1592
1.2924,-0.1504,0.9869,0.0083,0.0542,-0.2485,-0.5375,-1.7245,-0.0865,-0.3681,-0.0187,0.0247,-0.0513,0.0094,-0.0024,-0.0389,-0.0287,-0.1006,0.0023,0.0197,0.0572,0.0603,0.1373,0.0933,0.0507,0.1330,0.1951,-0.0038,#DIV/0!,0.4541,0.6993,-0.0428,1.1939,-0.0631
1.0113,0.9566,1.0217,1.4132,1.4016,1.5667,1.0190,-1.7590,0.1268,0.6062,-0.0179,0.0213,-0.0340,0.0249,0.0164,-0.0240,-0.0263,-0.1066,-0.0141,0.0088,0.0373,0.0449,0.1366,0.0898,0.0426,0.1273,0.1205,0.0451,#DIV/0!,0.7504,1.9250,-0.2527,1.1518,0.1677
1.5627,0.1745,1.0360,-0.1882,-0.0916,1.9652,1.4991,-1.5584,0.3516,2.8333,0.0496,0.0350,-0.0196,0.0364,0.0292,-0.0160,-0.0311,-0.1007,-0.0231,0.0071,0.0428,0.0272,0.1154,0.0933,0.0291,0.1524,0.1012,0.1982,#DIV/0!,0.4949,2.4956,0.9320,0.7276,0.3292
1.7064,-0.0224,1.8392,-0.4224,0.0143,0.3117,0.7423,-4.2020,0.1928,1.7429,-0.0054,0.0260,-0.0264,0.0087,0.0318,-0.0318,-0.0453,-0.0897,-0.0138,0.0105,0.0608,0.0362,0.1002,0.1041,0.0334,0.1448,0.1480,0.1309,#DIV/0!,1.4114,0.9771,-1.2934,0.4479,-0.0059
1.3059,0.5835,1.1794,0.5019,1.1356,0.1010,0.5264,-2.0544,0.1944,0.7910,-0.0269,0.0186,-0.0350,0.0047,0.0423,-0.0322,-0.0443,-0.0932,-0.0141,0.0128,0.0692,0.0414,0.0720,0.1194,0.0119,0.1117,0.0509,-0.0889,#DIV/0!,0.5764,1.7805,-1.6179,1.0132,0.1186
0.7638,0.7457,1.4784,0.9363,0.8514,0.9706,0.4510,-1.6392,0.1564,1.2864,0.0171,0.0154,-0.0509,0.0132,0.0431,-0.0320,-0.0467,-0.1061,-0.0359,-0.0063,0.0557,0.0115,-0.0093,0.1349,0.0047,0.1219,0.0604,0.0417,#DIV/0!,0.8374,1.9491,-0.1470,1.7017,0.5074
0.9345,0.7696,2.2911,0.8453,1.0670,1.1275,1.0415,-1.3445,0.0476,1.1173,0.0170,0.0014,-0.0580,-0.0114,0.0406,-0.0431,-0.0623,-0.1122,-0.0537,-0.0294,0.0632,-0.0193,-0.0723,0.1058,-0.0124,0.1500,0.0400,0.3175,#DIV/0!,0.9269,2.1134,0.2816,1.3840,0.1851
2.2316,0.4196,1.2574,0.2380,0.4643,0.4258,0.8622,-2.1746,-0.0389,0.3803,-0.0676,-0.0181,-0.0864,-0.0290,0.0303,-0.0525,-0.0709,-0.1271,-0.0739,-0.0256,0.0616,-0.0110,-0.0825,0.0936,-0.0190,0.0964,0.0189,0.0275,#DIV/0!,0.4887,2.0359,0.6397,1.0343,0.2293
0.2934,1.1085,0.7338,0.9687,1.0020,-0.5274,0.2004,-2.7883,0.0430,-0.5571,-0.0968,-0.0341,-0.1152,-0.0433,0.0075,-0.0747,-0.1022,-0.1444,-0.1105,-0.0505,0.0377,-0.0330,-0.1103,0.0602,-0.0227,0.1198,0.0423,-0.0520,#DIV/0!,0.8096,0.7227,0.1391,0.3226,0.0934
0.1268,0.4995,0.7301,0.6472,1.0350,0.8413,0.7693,-1.8951,0.1032,0.0485,-0.0570,-0.0671,-0.1293,-0.0619,-0.0265,-0.0897,-0.1204,-0.1626,-0.1421,-0.0681,0.0163,-0.0524,-0.1538,0.0320,-0.0335,0.1055,-0.0460,0.1478,#DIV/0!,0.8634,0.9440,-1.2672,-0.7670,-0.0057
0.6746,0.1365,1.3621,-0.0844,0.0840,0.7029,0.9788,-0.6345,0.1166,-0.2384,-0.0286,-0.0820,-0.1392,-0.0573,-0.0350,-0.0970,-0.1248,-0.1785,-0.1631,-0.0811,-0.0102,-0.0670,-0.1790,-0.0082,-0.0551,0.1253,-0.2126,0.0262,#DIV/0!,0.2648,0.9572,-0.0346,0.4891,0.1849
2.1265,0.0277,1.9347,-0.1018,0.1938,-0.2616,-0.0928,-2.3349,0.0172,-0.8879,-0.0508,-0.0663,-0.1310,-0.0459,-0.0502,-0.0984,-0.1272,-0.1641,-0.1607,-0.0686,-0.0018,-0.0434,-0.1353,0.0298,-0.0344,0.1187,-0.1124,0.1680,#DIV/0!,0.5524,0.8715,0.3334,-1.3136,0.1739
1.4927,0.2848,1.1408,0.1400,0.6923,2.2220,1.1878,-2.7449,-0.0649,-0.4335,-0.1415,-0.0475,-0.1104,-0.0258,-0.0455,-0.0895,-0.1133,-0.1564,-0.1412,-0.0394,0.0067,-0.0077,-0.0547,0.0776,-0.0034,0.1375,-0.0388,-0.1947,#DIV/0!,0.2537,1.3279,-0.3860,0.1310,0.0320
0.6880,-0.3381,1.4427,-0.5659,-0.3626,0.9917,1.0963,-2.0823,0.3721,-0.3901,-0.0477,-0.0132,-0.0623,0.0103,-0.0199,-0.0697,-0.0899,-0.1458,-0.1121,-0.0148,0.0333,0.0382,0.0332,0.1232,0.0288,0.1478,0.0578,-0.3124,#DIV/0!,0.1337,0.6638,-0.2355,0.3071,-0.0093
0.1799,-0.2930,1.3556,-0.4237,-0.3140,0.7376,-1.0209,-2.0492,-0.2655,-0.3553,-0.0901,0.0260,-0.0268,0.0529,0.0239,-0.0344,-0.0600,-0.1272,-0.0780,-0.0044,0.0661,0.0635,0.0700,0.1548,0.0359,0.1156,-0.0034,0.0174,#DIV/0!,0.4815,0.9323,-1.5069,0.8611,0.1275
0.5205,0.0139,0.9957,-0.1414,0.0768,2.0405,1.1184,-1.2596,-0.0148,0.8362,-0.0099,0.0708,0.0054,0.0656,0.0744,-0.0188,-0.0511,-0.1153,-0.0599,0.0058,0.0846,0.0766,0.0728,0.1604,0.0201,0.1173,-0.0127,-0.0353,#DIV/0!,0.3900,2.0297,-1.2095,1.2781,0.1920
0.3957,0.2490,-0.4199,0.1076,-0.1737,2.4617,1.8752,-1.4078,0.5857,0.5911,0.0129,0.0583,-0.0049,0.0788,0.0665,-0.0060,-0.0417,-0.1084,-0.0348,0.0094,0.0965,0.0868,0.0706,0.1896,0.0400,0.1364,0.0738,0.0310,#DIV/0!,0.6642,2.3136,1.3385,0.7151,0.2939
0.4195,-0.0450,0.2418,0.1504,0.0669,-0.0465,-1.1011,-2.4118,0.0224,0.9018,0.0250,0.0366,-0.0214,0.0594,0.0337,-0.0141,-0.0485,-0.1226,-0.0618,-0.0033,0.0672,0.0721,0.0162,0.1589,0.0312,0.1544,0.0303,-0.0146,#DIV/0!,1.3705,1.3503,-0.0704,0.7834,0.0257
0.3052,-0.2273,-0.5131,-0.0748,-0.6369,-0.5067,-0.2958,-2.0556,0.1179,0.1447,-0.0203,0.0295,-0.0290,0.0430,0.0064,-0.0226,-0.0572,-0.1313,-0.0772,-0.0081,0.0527,0.0496,-0.0266,0.1445,0.0114,0.1506,-0.0221,-0.1331,#DIV/0!,0.1512,0.8707,-0.2549,-0.4093,0.0867
0.3379,0.2686,-0.6810,0.3675,0.1681,1.6730,1.4737,-2.1306,0.4273,-0.3681,-0.0198,0.0107,-0.0527,0.0363,-0.0126,-0.0344,-0.0549,-0.1411,-0.0793,-0.0157,0.0405,0.0260,-0.0510,0.1250,0.0110,0.1495,-0.0266,-0.0600,#DIV/0!,-1.4401,1.9357,-1.0942,-1.7745,0.2473
0.8461,0.0578,-0.4793,0.2149,-0.0981,-0.4348,-0.1372,-1.8839,0.0975,1.1638,-0.0166,-0.0221,-0.0834,0.0220,-0.0506,-0.0515,-0.0671,-0.1614,-0.0997,-0.0383,0.0293,0.0000,-0.0824,0.1065,0.0094,0.1295,0.0179,-0.0048,#DIV/0!,0.7653,1.8069,-0.7741,0.4536,0.0666
0.8352,0.3623,-0.2230,0.4166,0.5024,-0.2897,-0.0718,-1.7496,0.0990,1.0910,-0.0129,-0.0323,-0.0861,0.0157,-0.0264,-0.0420,-0.0697,-0.1539,-0.1071,-0.0182,0.0221,0.0075,-0.0954,0.0914,0.0007,0.1333,-0.0280,0.1206,#DIV/0!,-0.9531,1.3310,0.3521,-0.1837,0.0007
0.4156,0.7877,0.1630,1.2618,1.3557,1.1408,1.0189,-2.3263,0.0231,-0.0738,-0.1171,-0.0271,-0.0729,0.0201,-0.0005,-0.0419,-0.0671,-0.1436,-0.1027,-0.0238,0.0374,0.0032,-0.1050,0.0928,0.0000,0.1379,-0.0087,0.1852,#DIV/0!,-0.9257,1.9590,0.3523,0.1976,0.2232
0.8351,0.7779,-0.1063,1.0823,1.2795,1.4551,1.6235,-0.4722,0.4348,1.4642,-0.0202,-0.0118,-0.0587,0.0276,0.0331,-0.0352,-0.0642,-0.1214,-0.0809,-0.0113,0.0640,0.0308,-0.0652,0.1035,0.0058,0.1162,-0.0326,-0.0721,#DIV/0!,-0.3368,1.8121,-0.1942,0.5293,0.1832
0.6553,0.1378,-0.4106,-0.1907,0.1080,1.8582,1.4081,-1.3734,0.6175,0.4008,-0.0300,0.0086,-0.0424,0.0578,0.0491,-0.0095,-0.0553,-0.1151,-0.0681,-0.0123,0.0751,0.0521,-0.0123,0.1336,0.0176,0.1252,-0.0272,-0.0714,#DIV/0!,1.1526,1.3718,0.7705,1.0696,0.1814
0.5058,0.4701,-0.2636,0.5313,0.3664,-0.2008,-0.6971,-4.0570,-0.0939,-0.2701,-0.0884,0.0330,-0.0067,0.0930,0.0700,0.0079,-0.0467,-0.1063,-0.0513,-0.0065,0.0880,0.0761,0.0167,0.1637,0.0335,0.1189,0.0037,-0.1185,#DIV/0!,-1.0047,0.5020,-0.3588,-1.3369,0.0606
0.1611,-0.3098,-0.2121,-0.1807,-0.2854,0.3704,0.2108,-2.3767,0.0670,-0.2919,-0.0070,0.0528,0.0091,0.0798,0.0695,0.0028,-0.0432,-0.1027,-0.0347,0.0035,0.0953,0.0915,0.0433,0.1704,0.0341,0.1242,-0.0143,-0.0163,#DIV/0!,-0.5933,1.7652,-0.9226,0.1094,-0.0117
1.3574,0.6008,0.9614,0.5186,0.2681,0.9260,1.0655,-0.9471,0.3792,0.4634,0.0302,0.0572,-0.0108,0.0754,0.0589,-0.0011,-0.0390,-0.0972,-0.0303,0.0062,0.0882,0.0918,0.0556,0.1908,0.0459,0.1456,0.0613,0.1649,#DIV/0!,0.6701,1.4302,1.0950,1.1053,0.1770
1.4666,0.7865,1.3284,0.9418,1.1449,1.2571,0.9441,-2.7353,0.2771,0.2030,-0.0057,0.0146,-0.0446,0.0668,0.0313,-0.0123,-0.0420,-0.1145,-0.0377,0.0065,0.0625,0.0687,0.0130,0.1592,0.0355,0.1384,0.1102,-0.2836,#DIV/0!,1.2117,2.5248,-0.2247,1.6183,0.1989
2.6892,0.7551,0.9544,1.0497,1.0150,0.5294,0.1529,-3.0577,0.1782,1.2503,0.0234,-0.0131,-0.0521,0.0611,-0.0049,-0.0236,-0.0451,-0.1340,-0.0549,-0.0012,0.0471,0.0465,-0.0207,0.1371,0.0270,0.0983,0.1536,0.0127,#DIV/0!,0.7959,1.5158,0.6460,1.2141,0.1873
1.3414,0.0485,0.7112,0.2596,0.5753,1.1463,1.3898,-0.0103,0.5605,0.8306,0.0577,-0.0063,-0.0516,0.0504,0.0176,-0.0174,-0.0548,-0.1294,-0.0699,-0.0026,0.0462,0.0466,-0.0350,0.1350,0.0265,0.1612,0.1599,0.0652,#DIV/0!,0.5497,3.1031,1.0198,1.0852,0.4896
-0.2672,0.5073,0.2200,0.8032,0.9536,0.8384,1.1094,-1.1197,0.4164,-0.7722,0.0123,-0.0270,-0.0726,0.0374,0.0097,-0.0343,-0.0704,-0.1344,-0.0788,-0.0238,0.0433,0.0395,-0.0160,0.1562,0.0500,0.1455,0.2298,0.1860,#DIV/0!,1.3656,3.0829,0.3326,1.9465,0.2001
1.2695,0.3918,2.1242,0.3259,0.0941,0.5863,1.1454,-1.6977,0.2998,-0.4494,-0.0285,-0.0277,-0.0607,0.0387,0.0047,-0.0396,-0.0694,-0.1372,-0.0753,-0.0297,0.0426,0.0380,-0.0307,0.1378,0.0296,0.1371,0.1386,-0.3391,#DIV/0!,1.5483,2.2025,1.0970,2.0757,0.3023
1.0715,-0.0004,1.0195,-0.1475,-0.0167,-0.0302,-0.5632,-1.3549,0.0298,0.4356,-0.0519,-0.0435,-0.0841,0.0434,-0.0187,-0.0328,-0.0650,-0.1359,-0.0725,-0.0188,0.0580,0.0421,-0.0465,0.1211,0.0210,0.1548,0.0433,-0.2914,#DIV/0!,1.2827,2.4114,-1.2114,-0.5312,-0.0318
-0.0279,0.8672,-0.0805,1.3217,1.0250,-0.0612,-1.1157,-0.2934,-0.0858,0.3680,-0.0065,-0.0261,-0.0773,0.0417,0.0080,-0.0323,-0.0625,-0.1354,-0.0741,-0.0006,0.0723,0.0654,-0.0246,0.1476,0.0184,0.1500,0.0698,0.0950,#DIV/0!,0.7363,2.3376,-0.2539,-0.2934,0.2855
0.1864,0.3650,0.3764,0.0522,0.2238,1.6426,0.9481,-2.8314,0.2581,0.0709,-0.0780,-0.0166,-0.0687,0.0452,0.0257,-0.0284,-0.0600,-0.1290,-0.0634,-0.0013,0.0869,0.0695,-0.0283,0.1650,0.0230,0.1516,0.0436,0.0843,#DIV/0!,0.9686,3.2671,0.4337,2.1861,0.2231
0.5278,0.1475,0.3918,0.0395,0.5596,0.1525,-0.2449,-1.9091,0.0163,0.9873,-0.0703,-0.0415,-0.0766,0.0469,0.0212,-0.0285,-0.0676,-0.1262,-0.0692,-0.0223,0.0953,0.0626,-0.0600,0.1573,0.0188,0.1518,0.0925,-0.2849,#DIV/0!,0.6194,2.0873,-0.0408,0.3720,0.1641
0.5372,-0.1963,0.1422,-0.2404,-0.3625,1.1776,1.1657,-1.8289,0.3960,0.6591,-0.0644,-0.0377,-0.0556,0.0440,0.0238,-0.0205,-0.0649,-0.1257,-0.0664,-0.0088,0.0864,0.0625,-0.0841,0.1423,0.0027,0.1492,0.0753,-0.2462,#DIV/0!,0.9327,2.1115,0.2204,0.9725,0.3175
0.0055,0.1582,0.1662,-0.2804,0.0690,2.9123,2.1468,-1.5202,0.4590,1.0517,-0.0623,-0.0460,-0.0700,0.0575,0.0132,-0.0110,-0.0556,-0.1183,-0.0623,-0.0019,0.0931,0.0563,-0.1165,0.1256,-0.0088,0.1342,0.0467,-0.0809,#DIV/0!,0.5582,0.7391,0.2513,0.1257,0.4297
0.3179,0.1615,-0.3247,-0.3005,-0.1219,1.2124,1.2619,-1.7205,0.4267,1.2516,-0.0211,-0.0401,-0.0794,0.0370,0.0034,-0.0358,-0.0739,-0.1269,-0.0810,-0.0216,0.0879,0.0443,-0.1354,0.1248,0.0000,0.0982,0.0470,-0.3752,#DIV/0!,0.2912,2.0456,0.4729,1.3368,0.1163
0.2546,-0.1374,0.1914,-0.0557,-0.4415,0.7206,0.6220,-3.9926,0.2785,-0.5553,-0.0795,-0.0536,-0.0902,0.0125,-0.0299,-0.0597,-0.0931,-0.1556,-0.1094,-0.0482,0.0689,0.0109,-0.1750,0.1293,-0.0004,0.1223,0.1016,-0.0827,#DIV/0!,0.7421,1.7486,-0.6586,0.5413,-0.0299
0.7986,-0.2513,0.5429,-0.6040,-0.2690,0.0924,-0.6287,-2.6896,-0.1422,-0.0391,-0.1338,-0.0594,-0.1014,0.0082,-0.0481,-0.0734,-0.0959,-0.1743,-0.1335,-0.0661,0.0578,-0.0116,-0.2264,0.1007,-0.0269,0.1273,-0.0255,0.1618,#DIV/0!,0.4909,2.2854,-1.0956,-0.5964,0.0863
0.4836,-0.5710,0.0491,-1.1295,-0.4449,0.1969,-0.3688,-2.7627,-0.1526,0.2692,-0.1332,-0.0669,-0.0945,0.0098,-0.0327,-0.0714,-0.1025,-0.1653,-0.1328,-0.0736,0.0689,-0.0193,-0.2449,0.0802,-0.0431,0.1326,-0.0380,-0.0552,#DIV/0!,0.6669,2.0053,-1.4243,0.7194,0.1105
0.6664,-0.1892,-0.2057,-0.3267,-0.4253,-0.1674,-0.6047,-2.7738,0.0615,0.0451,-0.1072,-0.0647,-0.0929,0.0036,-0.0204,-0.0812,-0.0991,-0.1618,-0.1261,-0.0721,0.0868,-0.0282,-0.2709,0.1007,-0.0337,0.1350,-0.0108,-0.0236,#DIV/0!,0.6249,0.8453,-0.5131,-0.6263,0.0774
0.7621,0.2896,0.2209,0.5125,0.4337,0.9229,-0.4265,-0.7758,-0.3555,-0.2280,-0.1175,-0.0635,-0.0978,-0.0112,-0.0149,-0.0941,-0.1073,-0.1710,-0.1386,-0.0696,0.0807,-0.0240,-0.2951,0.0896,-0.0476,0.1538,-0.0286,0.0839,#DIV/0!,-0.1126,0.8770,1.2392,-0.2213,0.3516
0.2735,0.4819,0.5575,1.0226,0.7513,0.2407,-0.1205,-1.4378,-0.1281,0.4594,-0.0676,-0.0741,-0.1048,-0.0007,-0.0067,-0.0925,-0.1138,-0.1739,-0.1563,-0.0795,0.0868,-0.0273,-0.3164,0.1024,-0.0343,0.1437,0.0430,-0.1108,#DIV/0!,0.7134,1.6194,1.2635,0.5478,0.2381
-0.2144,0.2044,0.2922,-0.0012,-0.1031,-0.7728,-0.9883,-1.6692,-0.0087,0.7699,-0.1115,-0.0702,-0.1183,-0.0290,0.0114,-0.0905,-0.1201,-0.1650,-0.1703,-0.0801,0.0813,-0.0366,-0.3293,0.0833,-0.0429,0.1336,0.0089,0.1588,#DIV/0!,0.8285,1.0872,0.8626,1.7171,0.0256
1.1823,-0.3969,0.3001,-0.6118,-0.4759,1.0270,1.3378,-1.2044,-0.1032,-0.1994,-0.1683,-0.0661,-0.1374,-0.0304,0.0132,-0.0891,-0.1057,-0.1610,-0.1504,-0.0638,0.0870,-0.0223,-0.2674,0.0929,-0.0284,0.1346,-0.0703,-0.2467,#DIV/0!,0.0962,1.1520,0.4222,0.0877,0.3010
0.5807,-0.4612,0.2087,-0.3187,-0.4038,-0.1404,0.1619,-1.8229,0.1022,-0.7288,-0.0723,-0.0539,-0.1168,0.0019,0.0040,-0.0689,-0.0917,-0.1668,-0.1438,-0.0552,0.0791,0.0052,-0.1862,0.1139,-0.0059,0.1412,0.0175,-0.1674,#DIV/0!,0.6682,1.9140,-0.5291,1.5505,0.1214
2.2202,-0.6470,0.5523,-0.6568,-0.4880,-0.1219,-0.4196,-3.2952,0.1223,-0.1120,-0.1593,-0.0141,-0.0780,0.0210,0.0293,-0.0401,-0.0736,-0.1410,-0.1024,-0.0189,0.0928,0.0580,-0.1093,0.1099,-0.0048,0.1206,-0.0386,0.0503,#DIV/0!,0.2632,0.8737,-1.0422,-0.9576,0.0168
0.8411,-0.2339,1.1044,0.0370,0.1162,1.2390,0.1841,-1.6807,0.2795,0.1186,-0.0570,-0.0127,-0.0836,0.0444,0.0005,-0.0294,-0.0518,-0.1284,-0.0640,0.0084,0.1098,0.0980,-0.0588,0.1574,0.0158,0.1404,0.0524,-0.0774,#DIV/0!,0.5631,1.8919,-0.0438,0.2845,0.2344
-0.5285,-0.8212,0.1617,-0.9467,-0.2539,0.1585,0.4013,-1.1342,0.1238,0.3032,0.0051,-0.0073,-0.0661,0.0514,-0.0092,-0.0249,-0.0433,-0.1276,-0.0574,-0.0020,0.1143,0.0869,-0.0605,0.1762,0.0315,0.1531,0.1720,0.2443,#DIV/0!,1.2608,2.1893,-0.3154,2.7111,0.0386
-0.1635,-0.5640,-0.2119,-0.4526,-1.0011,0.7039,0.6947,-2.2249,0.1591,-0.5903,-0.1013,-0.0332,-0.0826,0.0517,-0.0335,-0.0279,-0.0426,-0.1469,-0.0729,0.0014,0.1021,0.0790,-0.0969,0.1400,-0.0015,0.1513,0.1198,0.2542,#DIV/0!,1.0446,1.3696,-0.9938,0.9890,0.0118
0.8317,-0.3511,0.2726,-0.4792,-0.8409,1.9279,1.7164,-0.7333,0.3532,1.0214,-0.0858,-0.0222,-0.0804,0.0647,-0.0125,-0.0265,-0.0374,-0.1487,-0.0712,-0.0102,0.1105,0.0601,-0.1594,0.1341,-0.0124,0.1489,0.0438,0.0886,#DIV/0!,0.3250,0.4888,-1.0571,0.3397,0.1265
0.4183,-0.7436,0.2842,-0.9280,-0.6338,-0.0715,0.0887,-0.3006,-0.4335,0.8796,-0.0404,-0.0184,-0.0910,0.0562,0.0004,-0.0308,-0.0378,-0.1411,-0.0607,-0.0022,0.1009,0.0474,-0.2019,0.1337,-0.0016,0.1316,0.1705,0.3390,#DIV/0!,0.6316,1.0985,-1.4862,-0.3195,-0.0076
0.3163,-0.7042,0.4960,-0.5647,-1.1019,-0.3378,-0.1138,-3.5210,0.0089,-1.0980,-0.1383,-0.0336,-0.1034,0.0334,-0.0104,-0.0418,-0.0412,-0.1546,-0.0684,0.0029,0.0781,0.0479,-0.1902,0.0961,-0.0272,0.1504,0.0194,0.1459,#DIV/0!,0.3612,2.0136,0.1704,0.2288,0.0413
0.3465,-0.4330,-0.0384,-1.0638,-0.2637,0.7601,0.6626,-2.4377,0.0902,0.0468,-0.1008,-0.0029,-0.0882,0.0277,0.0144,-0.0478,-0.0516,-0.1477,-0.0634,-0.0124,0.0951,0.0340,-0.2069,0.1075,-0.0344,0.1515,-0.0453,-0.0560,#DIV/0!,0.0044,1.5959,0.4654,0.2594,0.3263
1.1888,-0.2403,0.0966,-0.6217,-0.1437,-0.3565,-0.2119,-1.9881,-0.1312,0.1973,-0.0392,0.0089,-0.0707,0.0426,0.0256,-0.0383,-0.0515,-0.1358,-0.0599,-0.0196,0.1004,0.0300,-0.2044,0.1286,-0.0139,0.1516,0.0558,-0.2047,#DIV/0!,0.9758,1.6597,0.3322,0.6198,0.2128
1.1481,-0.6705,0.4685,-1.1074,-1.1220,-1.0997,-0.7960,-2.5552,-0.2479,-0.3490,-0.1129,-0.0001,-0.0760,0.0308,0.0133,-0.0518,-0.0551,-0.1368,-0.0576,-0.0136,0.1131,0.0402,-0.2003,0.1549,-0.0162,0.1503,0.0124,0.1378,#DIV/0!,0.8468,0.8238,0.7701,0.5975,-0.0028
0.0605,-0.7037,-0.3664,-1.0683,-0.9402,-2.5127,-1.7071,-1.9514,-0.5364,-0.0198,-0.0325,-0.0093,-0.0809,0.0391,0.0224,-0.0504,-0.0637,-0.1358,-0.0708,-0.0260,0.1134,0.0436,-0.1991,0.1425,-0.0261,0.1542,-0.0100,0.0098,#DIV/0!,-0.6902,0.3780,0.9705,-0.6712,0.0081
0.2047,-0.2183,-0.4761,-0.9471,-0.4667,-0.6231,-0.4312,-1.9813,-0.1135,0.0579,-0.0383,0.0224,-0.0501,0.0614,0.0483,-0.0379,-0.0554,-0.1150,-0.0424,-0.0137,0.1444,0.0679,-0.1818,0.1678,-0.0169,0.1383,-0.0128,-0.1984,#DIV/0!,0.7029,2.0850,0.4911,0.2612,0.1151
0.8963,-0.3653,-0.0063,-0.5403,-0.2434,-0.2400,-0.0060,-1.2181,-0.0328,0.3467,-0.0593,0.0468,-0.0290,0.0851,0.0770,-0.0267,-0.0381,-0.0951,0.0011,0.0169,0.1765,0.0871,-0.1487,0.1902,-0.0145,0.1394,0.0228,-0.2738,#DIV/0!,0.3279,2.1175,-0.2306,0.7436,0.1507
0.6162,-0.3131,0.2732,-0.6119,-0.7330,-1.1891,-0.4444,-3.2632,0.0158,-0.2612,-0.0719,0.0323,-0.0399,0.0669,0.0976,-0.0299,-0.0468,-0.0824,-0.0026,0.0157,0.1814,0.0937,-0.1402,0.1777,-0.0158,0.1421,0.0634,0.1102,#DIV/0!,0.5088,0.8833,-0.3811,0.2126,-0.0029
0.7954,-1.0889,-0.0436,-1.7729,-2.1625,-1.2059,-0.5876,-4.3292,-0.5530,0.1288,-0.1128,0.0241,-0.0485,0.0733,0.0978,-0.0278,-0.0444,-0.0903,-0.0062,0.0217,0.1848,0.1003,-0.1527,0.1540,-0.0320,0.1353,0.0398,0.0076,#DIV/0!,0.8177,-0.2095,-0.8047,-1.1379,-0.1184
-0.9039,-1.1918,-1.0722,-1.4872,-1.7209,-1.4417,-1.0629,-1.2692,-0.4389,0.3719,-0.0847,0.0225,-0.0562,0.0738,0.1101,-0.0177,-0.0493,-0.0721,0.0066,0.0075,0.2128,0.0950,-0.1698,0.1731,-0.0313,0.1559,0.1576,0.0980,#DIV/0!,0.7642,1.1102,-0.6615,-0.2952,0.0599
-1.1644,-0.7042,-1.9584,-1.5915,-1.0414,0.3494,0.2068,-1.1339,-0.0031,1.3645,-0.0770,0.0453,-0.0298,0.0636,0.1434,-0.0214,-0.0518,-0.0436,0.0239,-0.0079,0.2420,0.0828,-0.1842,0.2211,-0.0162,0.1295,0.1693,0.1756,#DIV/0!,0.3241,1.8185,0.2158,0.1417,0.1730
-0.2663,-0.8328,0.0571,-0.8279,-0.8996,0.7873,0.8588,-1.8799,0.3551,2.3112,-0.0613,0.0515,-0.0296,0.0609,0.1363,-0.0315,-0.0498,-0.0507,0.0117,0.0066,0.2380,0.0907,-0.1866,0.2118,-0.0202,0.1051,0.0324,-0.0672,#DIV/0!,0.0528,2.5548,-0.1748,0.3597,0.1420
-0.5016,-1.3190,0.7150,-0.7896,-0.2526,1.0510,0.9044,-1.3878,0.1357,1.3591,-0.1388,0.0223,-0.0640,0.0543,0.1057,-0.0379,-0.0593,-0.0662,-0.0143,-0.0216,0.2301,0.0590,-0.2450,0.1856,-0.0382,0.1247,0.0071,0.1466,#DIV/0!,0.2127,0.7598,-0.0422,0.3610,0.3068
1.2965,-1.3875,1.2029,-1.1784,-0.7601,-1.6205,-1.4054,-2.2575,-0.2950,0.4986,-0.0771,0.0293,-0.0524,0.0453,0.1240,-0.0488,-0.0572,-0.0782,-0.0228,-0.0175,0.2187,0.0462,-0.2911,0.1679,-0.0471,0.1539,0.0024,0.0246,#DIV/0!,-0.9375,1.2655,-2.1782,-0.8369,-0.1373
0.0114,-1.3313,0.2440,-1.5709,-1.1086,-2.4741,-2.0349,-4.7575,-0.3408,-0.0720,-0.0147,0.0197,-0.0573,0.0307,0.1019,-0.0607,-0.0712,-0.0765,-0.0308,-0.0268,0.2187,0.0350,-0.3323,0.1776,-0.0439,0.1508,0.0160,-0.2316,#DIV/0!,0.8494,0.7453,-2.4830,0.7020,-0.3443
-0.1253,-1.5128,-0.6433,-2.0160,-2.1944,-0.8144,-0.4697,-1.5769,-0.0624,1.0777,-0.0367,-0.0313,-0.1139,0.0030,0.0459,-0.0838,-0.0790,-0.0861,-0.0435,-0.0302,0.2028,0.0170,-0.3571,0.1540,-0.0547,0.1503,0.0286,-0.3222,#DIV/0!,-1.0056,0.5443,-1.5240,-0.2511,-0.0957
-0.3439,-1.3670,-0.6284,-1.4880,-2.1658,-0.8125,-0.5374,-0.3284,0.0221,0.5827,-0.0871,-0.0238,-0.1138,0.0125,0.0383,-0.0756,-0.0762,-0.1110,-0.0584,-0.0338,0.1709,0.0040,-0.3812,0.1294,-0.0505,0.1569,-0.0448,-0.2156,#DIV/0!,-1.1244,0.5481,-1.2625,-1.3043,-0.0043
-0.5913,-0.5077,0.0945,-0.5459,-0.6345,-0.2652,-0.1246,-1.6994,0.0055,0.5316,-0.1223,0.0330,-0.0456,0.0634,0.0865,-0.0440,-0.0527,-0.0889,-0.0294,-0.0240,0.1973,0.0280,-0.3095,0.1741,-0.0268,0.1651,-0.0355,-0.5750,#DIV/0!,-0.6745,2.1888,-1.4012,-0.0765,0.0963
-0.0924,-1.0347,0.5500,-1.1382,-1.0047,0.2303,-0.8765,-0.3352,-0.0645,1.6212,-0.0554,0.0696,-0.0169,0.0546,0.1054,-0.0439,-0.0628,-0.0636,0.0005,-0.0105,0.2330,0.0818,-0.2134,0.2126,-0.0077,0.1506,-0.0277,-0.1248,#DIV/0!,0.7503,2.1557,-0.7097,1.1280,-0.0544
-0.2201,-0.6668,-0.0155,-0.9143,-0.9815,-0.2581,-0.5482,-1.2254,0.0751,0.4278,-0.0648,0.0708,-0.0321,0.0771,0.0988,-0.0297,-0.0587,-0.0646,-0.0048,-0.0004,0.2534,0.1108,-0.1840,0.2337,-0.0026,0.1327,-0.0653,0.3084,#DIV/0!,0.1698,0.8281,-0.4193,0.6611,0.0562
1.2453,0.4804,-0.1185,0.6301,1.0064,-2.0011,-1.0619,-1.4225,-0.5586,0.4416,-0.0132,0.0730,-0.0302,0.0994,0.1150,0.0000,-0.0416,-0.0577,-0.0145,-0.0069,0.2536,0.1023,-0.2191,0.2282,-0.0135,0.1466,-0.0579,0.5604,#DIV/0!,0.6740,0.8860,-0.4972,0.8449,-0.0150
1.7245,-0.7351,0.4349,-0.9987,-0.2979,-0.4771,-0.1701,-2.6858,-0.0950,0.2235,-0.0805,0.0597,-0.0197,0.0854,0.1180,-0.0048,-0.0422,-0.0551,0.0067,0.0131,0.2548,0.1152,-0.2415,0.2480,-0.0025,0.1521,0.0147,0.4294,#DIV/0!,0.9735,1.7417,-0.9943,1.4811,-0.0132
0.5997,-0.8235,0.9115,-0.5949,-1.2667,-0.3241,-0.9496,-3.8203,-0.1037,-0.1109,-0.0615,0.0312,-0.0482,0.0594,0.0741,-0.0354,-0.0639,-0.0633,-0.0111,-0.0068,0.2425,0.0766,-0.3154,0.2049,-0.0139,0.1525,-0.0341,-0.3480,#DIV/0!,0.6472,-0.0076,-1.7819,0.3185,-0.0452
1.5043,-0.9102,1.2296,-1.2867,-1.3382,-1.4532,-1.3746,-4.4256,-0.3494,-0.6167,-0.0953,0.0040,-0.0803,0.0262,0.0098,-0.0640,-0.0833,-0.1072,-0.0599,-0.0220,0.1942,0.0406,-0.3754,0.1889,-0.0186,0.1394,-0.0049,-0.1815,#DIV/0!,0.7586,1.2747,-1.0441,-0.4295,-0.0159
1.6457,-0.7594,1.5128,-0.8860,-1.0912,-1.4836,-0.9048,-3.2638,-0.1133,-0.2354,-0.0910,-0.0237,-0.1081,0.0138,-0.0501,-0.0804,-0.0948,-0.1357,-0.0901,-0.0335,0.1659,0.0159,-0.4314,0.1564,-0.0224,0.1299,-0.0033,0.0519,#DIV/0!,0.9013,1.4414,1.0537,0.4037,0.0004
0.6253,-0.5257,0.6805,-0.4440,-1.6822,0.9011,0.5393,-1.7592,0.0570,0.0310,-0.0657,-0.0391,-0.1315,-0.0275,-0.0759,-0.1145,-0.1183,-0.1581,-0.1163,-0.0660,0.1613,-0.0158,-0.4942,0.1168,-0.0551,0.1367,-0.1163,0.2598,#DIV/0!,0.2574,1.0228,0.1365,-0.6399,0.0149
-1.0721,-1.1363,-0.4070,-1.6701,-1.3574,0.1361,0.3068,-0.3736,-0.1808,-0.2154,-0.1646,-0.0573,-0.1484,-0.0177,-0.0934,-0.1178,-0.1175,-0.1766,-0.1464,-0.0657,0.1429,-0.0259,-0.5287,0.1072,-0.0608,0.1547,-0.0886,0.0172,#DIV/0!,0.4527,2.2942,0.7250,0.5141,0.1003
-0.7107,-1.3653,-0.7240,-1.2594,-1.1628,-0.4451,0.1288,-0.3077,-0.0572,-0.6330,-0.1365,-0.0805,-0.1666,-0.0157,-0.1059,-0.1241,-0.1300,-0.1902,-0.1568,-0.0762,0.1319,-0.0451,-0.5558,0.0900,-0.0632,0.1376,-0.0708,-0.0885,#DIV/0!,1.2559,1.3390,0.8877,-0.4188,-0.0094
0.2446,-1.4731,-0.7051,-2.0553,-2.0341,-1.3021,-1.6047,-1.2977,-0.4778,-1.2071,-0.1383,-0.0701,-0.1578,-0.0193,-0.1036,-0.1217,-0.1241,-0.1949,-0.1471,-0.0652,0.1275,-0.0273,-0.5214,0.0970,-0.0581,0.1359,-0.0551,0.2167,#DIV/0!,0.2835,-0.5890,-1.1382,-0.2508,-0.2225
-2.4255,-0.8506,-3.3262,-1.0507,-1.1249,0.9984,-0.8729,-0.4508,0.0689,0.1755,-0.0523,-0.0055,-0.0989,0.0161,-0.0560,-0.1016,-0.1010,-0.1588,-0.0941,-0.0385,0.1770,0.0204,-0.4516,0.1743,-0.0339,0.1362,0.0390,0.0584,#DIV/0!,0.1630,2.8243,0.0666,0.1268,0.2014
-1.1089,0.6059,-2.0107,0.8816,0.4853,0.5578,0.4058,-1.5296,-0.0783,-0.1794,-0.1212,0.0009,-0.0860,0.0522,-0.0272,-0.0582,-0.0765,-0.1323,-0.0660,-0.0181,0.1829,0.0468,-0.4086,0.1541,-0.0506,0.1334,0.0320,0.1701,#DIV/0!,0.3604,2.3516,-0.3197,-0.0484,0.0262
-0.6061,-0.0471,-1.3818,0.0471,-0.0921,-0.8302,-1.1144,-3.1452,-0.2250,0.0570,-0.0800,0.0109,-0.0719,0.0561,-0.0041,-0.0488,-0.0744,-0.1264,-0.0719,-0.0247,0.1798,0.0509,-0.4286,0.1490,-0.0365,0.1415,0.0375,0.3503,#DIV/0!,0.4683,0.3147,-1.9398,-0.4693,-0.2136
-0.5868,-0.7024,-0.8427,-0.2075,-0.4466,-2.0479,-1.5378,-0.9035,-0.3206,-0.3981,-0.0861,0.0304,-0.0706,0.0839,0.0248,-0.0225,-0.0630,-0.1184,-0.0652,-0.0275,0.1813,0.0444,-0.4447,0.1690,-0.0291,0.1572,0.0804,0.1641,#DIV/0!,0.6662,1.9114,-0.8348,0.8105,-0.0580
1.8295,-0.5438,0.7854,-0.7728,-1.0268,-0.3527,-0.3059,-1.6323,-0.4773,-0.6579,-0.0929,0.0356,-0.0767,0.0773,0.0431,-0.0217,-0.0695,-0.1249,-0.0733,-0.0288,0.1766,0.0453,-0.4638,0.1700,-0.0300,0.1691,0.0638,0.1642,#DIV/0!,0.7781,2.4097,-1.0898,0.2072,-0.0593
1.1676,-0.3992,-0.7912,-0.8596,-0.2747,0.4098,-0.5270,-2.7847,-0.0975,-0.3371,-0.1545,0.0262,-0.0919,0.0639,0.0379,-0.0356,-0.0760,-0.1421,-0.0861,-0.0387,0.1787,0.0335,-0.4989,0.1483,-0.0363,0.1254,0.0029,0.1603,#DIV/0!,0.3362,2.3666,-0.8419,0.6002,0.0898
-0.0096,-0.8897,-0.0128,-1.1251,-1.3484,0.2881,-0.2548,-4.6382,0.3267,-0.6231,-0.0922,0.0188,-0.0876,0.0450,0.0504,-0.0515,-0.1007,-0.1537,-0.1149,-0.0608,0.1572,-0.0016,-0.5541,0.1277,-0.0406,0.1062,0.0117,0.5490,#DIV/0!,0.4744,1.2046,-2.3403,-0.2786,-0.1011
1.1412,-0.1057,0.8582,-0.5511,-0.6098,-0.1755,-1.0459,-2.1409,-0.0241,0.3285,-0.0538,0.0136,-0.0891,0.0641,0.0580,-0.0319,-0.0999,-0.1308,-0.1106,-0.0716,0.1906,-0.0011,-0.5652,0.1549,-0.0453,0.1401,0.0173,0.1947,#DIV/0!,0.3584,1.7810,-1.2934,0.1816,0.0169
0.3882,-0.6451,-0.5455,-0.5407,-0.5659,-0.8248,-1.0967,-1.7001,-0.1410,0.3010,-0.0848,0.0278,-0.0779,0.0258,0.0735,-0.0594,-0.1112,-0.1446,-0.1126,-0.0486,0.1845,0.0260,-0.5423,0.1810,-0.0316,0.1358,0.0449,-0.0491,#DIV/0!,0.1842,0.9258,0.4080,0.8189,0.0594
1.7472,-0.6314,-0.1716,-0.7624,0.1267,0.1531,0.0182,-2.1592,-0.4761,-0.3446,-0.1209,0.0224,-0.0884,0.0362,0.0405,-0.0692,-0.1079,-0.1731,-0.1295,-0.0486,0.1538,0.0195,-0.5667,0.1953,-0.0261,0.1373,-0.0179,-0.1423,#DIV/0!,0.1137,0.0386,0.6337,-0.0479,0.2112
1.1923,-0.2051,0.2392,-0.2857,0.2454,-0.1653,0.2274,-0.9670,-0.0588,-0.0932,-0.0308,0.0097,-0.0967,0.0400,0.0346,-0.0617,-0.1121,-0.1735,-0.1402,-0.0639,0.1552,0.0052,-0.5908,0.1713,-0.0379,0.1168,-0.0180,-0.4611,#DIV/0!,0.3207,0.1148,-0.8466,-0.5242,0.0492
0.8980,-0.0574,-1.1873,-0.2304,0.2059,-0.6274,-0.1724,-1.8522,0.2521,-1.3516,-0.1041,-0.0052,-0.1335,0.0289,0.0428,-0.0663,-0.1133,-0.1758,-0.1500,-0.0656,0.1499,0.0089,-0.5548,0.1804,-0.0257,0.1530,0.1097,0.0752,#DIV/0!,0.1846,0.3584,-0.1829,-0.3899,0.0635
-0.8350,-0.4250,-2.2572,-0.6150,-0.9100,0.2207,-0.5974,-1.3462,-0.2205,-1.6859,-0.2293,-0.0152,-0.1432,0.0117,0.0246,-0.0771,-0.1194,-0.1799,-0.1475,-0.0735,0.1474,-0.0024,-0.5670,0.1917,-0.0311,0.1508,0.0531,0.0099,#DIV/0!,0.1627,0.5411,0.8037,0.4905,0.0933
-1.0400,-0.5158,0.2105,-0.1964,-0.0401,-0.0397,-1.3254,-3.5161,-0.3176,-1.7623,-0.2046,-0.0424,-0.1484,-0.0161,0.0092,-0.0845,-0.1435,-0.1790,-0.1612,-0.0930,0.1482,-0.0211,-0.6064,0.1608,-0.0492,0.1509,-0.0087,-0.0420,#DIV/0!,-0.5856,0.2337,-3.0188,-0.9649,-0.0739
1.2157,-0.5858,1.3441,-0.6901,-0.5502,-1.6014,-1.2421,-2.4513,-0.3969,-1.2855,-0.2084,-0.0370,-0.1446,-0.0002,0.0051,-0.0656,-0.1416,-0.1641,-0.1589,-0.0926,0.1689,-0.0083,-0.6065,0.1582,-0.0517,0.1532,-0.0713,0.1387,#DIV/0!,-0.8737,-0.4118,-4.0779,-1.7999,-0.2840
1.8720,-1.4655,1.8356,-2.3327,-1.4521,-1.2560,-1.1523,-2.5802,-0.7439,-0.3702,-0.1959,-0.0130,-0.1226,0.0352,0.0091,-0.0335,-0.1148,-0.1419,-0.1360,-0.0810,0.1901,0.0211,-0.5642,0.2021,-0.0438,0.1441,-0.1899,0.4033,#DIV/0!,0.1407,-0.6830,-3.2162,-2.4462,-0.1668
0.7889,-0.9998,0.4019,-0.4066,-0.3290,1.3263,1.3097,-2.6111,-0.1577,-0.2105,-0.1189,-0.0053,-0.1094,0.0312,0.0020,-0.0327,-0.1113,-0.1401,-0.1195,-0.0614,0.1868,0.0489,-0.5310,0.2357,-0.0343,0.1334,-0.2213,-0.0336,#DIV/0!,0.6802,1.2817,-0.7369,-0.0307,0.1526
-0.6138,0.1311,0.2123,-0.0378,0.2431,-0.4599,-0.4305,-2.7875,-0.0476,-0.7300,-0.1263,-0.0275,-0.1259,0.0383,-0.0333,-0.0463,-0.1073,-0.1665,-0.1336,-0.0620,0.1652,0.0395,-0.5443,0.2098,-0.0241,0.1530,-0.1228,0.1743,#DIV/0!,-0.4679,1.2693,-2.0090,1.0845,-0.1797
-0.7425,-1.1733,0.2043,-1.4785,-0.9597,-1.0690,-1.7653,-3.6218,-0.1985,-0.6760,-0.1043,-0.0593,-0.1605,0.0228,-0.0790,-0.0620,-0.1260,-0.1858,-0.1612,-0.0848,0.1456,0.0101,-0.6041,0.1788,-0.0464,0.1504,-0.1849,0.0500,#DIV/0!,-0.6902,-0.1473,-1.6829,-0.3588,-0.2645
-0.5013,-0.5798,-0.1556,-0.1992,0.4445,0.3968,-0.0262,-2.0315,-0.3638,-0.9900,-0.1124,-0.0693,-0.1720,0.0201,-0.0978,-0.0839,-0.1425,-0.2116,-0.1911,-0.0774,0.1243,-0.0015,-0.6206,0.1547,-0.0618,0.1523,-0.1796,0.1233,#DIV/0!,-0.4807,1.0795,-0.4963,0.4590,0.0755
-1.1072,-0.9755,-1.4679,-1.1702,0.1978,1.2606,0.5826,-3.8870,-0.4858,-1.6112,-0.2198,-0.0845,-0.1943,-0.0070,-0.1278,-0.1106,-0.1667,-0.2376,-0.2339,-0.1138,0.0892,-0.0401,-0.6762,0.1045,-0.0803,0.1485,-0.1613,0.0383,#DIV/0!,-2.0013,0.4867,-2.6440,-2.8522,-0.1337
-1.5128,-0.5051,-0.1934,-0.8445,-0.0881,-0.7990,-0.5462,-2.9650,-0.0036,-1.2917,-0.1290,-0.0897,-0.2003,-0.0122,-0.1679,-0.1233,-0.1774,-0.2450,-0.2285,-0.1438,0.0953,-0.0705,-0.7199,0.0924,-0.0769,0.1317,-0.2149,-0.3551,#DIV/0!,-1.0893,-0.3197,-2.2411,-2.6823,-0.2803
-1.0697,-0.0459,0.3174,-0.4436,0.1822,-0.0296,-0.0011,-2.8812,0.2053,-1.3241,-0.1767,-0.0902,-0.2081,-0.0176,-0.1679,-0.1271,-0.1784,-0.2450,-0.2412,-0.1212,0.0838,-0.0532,-0.7158,0.0913,-0.0735,0.1504,-0.2401,-0.2881,#DIV/0!,0.4311,0.0477,-0.0934,0.2144,-0.0436
-0.7596,-0.2185,-0.0102,-0.7151,-0.4949,-0.0458,-0.1475,-1.5813,0.0134,-1.1510,-0.1053,-0.0716,-0.2084,-0.0134,-0.1453,-0.1195,-0.1707,-0.2339,-0.2289,-0.1122,0.0965,-0.0407,-0.6797,0.1252,-0.0491,0.1516,-0.1041,0.1386,#DIV/0!,-1.2416,1.6644,-0.1466,0.0067,0.1001
-0.1150,-0.3429,0.6359,-0.4476,0.3793,0.4910,0.4631,-1.0877,0.3043,-0.3262,-0.1137,-0.0576,-0.1813,0.0117,-0.1195,-0.1014,-0.1563,-0.2093,-0.2017,-0.0918,0.1251,-0.0163,-0.6301,0.1430,-0.0390,0.1513,-0.1177,-0.2110,#DIV/0!,-0.3436,0.5069,0.9743,-0.1346,0.2438
-0.9362,-0.0394,0.3816,0.0752,0.0920,-0.8803,-0.3570,-2.0774,-0.0946,-0.5368,-0.1531,-0.0250,-0.1379,0.0414,-0.0709,-0.0765,-0.1336,-0.1880,-0.1764,-0.0729,0.1600,0.0208,-0.5726,0.1822,-0.0204,0.1514,-0.0453,-0.4857,#DIV/0!,0.6268,-0.0304,0.3240,0.5199,0.1407
-0.9409,0.0416,0.0137,0.0256,-0.0697,-0.8713,-0.0873,-3.1810,0.0390,-0.6243,-0.1648,-0.0024,-0.1199,0.0689,-0.0509,-0.0539,-0.1074,-0.1660,-0.1374,-0.0613,0.1789,0.0488,-0.5206,0.2149,-0.0116,0.1513,0.0360,0.0347,#DIV/0!,0.9487,1.4538,-1.1853,1.3212,0.1818
-0.6155,-0.1556,0.1633,-0.5118,-0.0981,-0.7782,-0.9790,-4.8420,-0.0194,-1.0483,-0.1801,0.0046,-0.1058,0.0769,-0.0400,-0.0455,-0.1003,-0.1575,-0.1258,-0.0454,0.1929,0.0744,-0.4891,0.2104,-0.0134,0.1514,-0.0312,0.2219,#DIV/0!,0.4224,0.5885,-0.8985,0.2274,-0.0633
-0.6382,-0.1528,-0.0914,-0.2410,0.1033,-0.4255,-0.0519,-3.0929,0.0346,-0.3644,-0.1841,0.0073,-0.1064,0.0790,-0.0366,-0.0395,-0.0995,-0.1551,-0.1139,-0.0422,0.2018,0.0758,-0.5155,0.2180,-0.0202,0.1514,-0.0673,-0.2381,#DIV/0!,-0.1559,-0.1061,-0.2121,-0.0889,0.0196
-1.2835,-0.0482,0.2617,-0.3807,0.1905,0.2343,-0.6050,-1.9778,-0.1528,-0.1962,-0.1283,0.0103,-0.1126,0.0722,-0.0355,-0.0279,-0.0946,-0.1542,-0.1210,-0.0451,0.2111,0.0729,-0.5671,0.2299,-0.0380,0.1514,-0.0855,-0.2771,#DIV/0!,0.9712,1.3603,-0.9679,-0.0136,0.1275
-1.1489,-0.4359,0.4232,-0.9478,0.1580,0.2645,-1.4105,-1.6846,-0.2135,-0.7830,-0.1102,-0.0008,-0.1354,0.0507,-0.0444,-0.0398,-0.1012,-0.1619,-0.1316,-0.0616,0.2015,0.0453,-0.6090,0.2310,-0.0356,0.1514,-0.0046,-0.4772,#DIV/0!,-0.6595,0.8948,-1.9136,-0.1322,-0.1793
-0.7439,-0.3735,0.4733,-0.5090,-0.3357,-1.2962,-0.1245,-1.3471,0.0818,-0.8163,-0.0995,-0.0172,-0.1520,0.0352,-0.0418,-0.0547,-0.1156,-0.1797,-0.1539,-0.0728,0.1841,0.0278,-0.6519,0.2239,-0.0405,0.1513,-0.0025,0.0776,#DIV/0!,-0.4422,-0.0038,-1.2266,0.4461,-0.1774
-0.0295,0.4370,0.2985,0.5215,0.0782,0.6753,0.2439,-4.1864,0.2748,-1.0669,-0.0971,-0.0174,-0.1440,0.0280,-0.0327,-0.0688,-0.1232,-0.1824,-0.1651,-0.0866,0.1855,0.0021,-0.7067,0.2301,-0.0426,0.1517,0.1173,0.0863,#DIV/0!,1.7338,2.0786,-0.5170,1.7566,0.0406
-0.0218,0.3348,-0.4015,0.0180,-0.2074,-0.2512,-0.3194,-1.6249,-0.1817,-0.7499,-0.1551,-0.0202,-0.1524,0.0119,-0.0237,-0.0841,-0.1349,-0.1844,-0.1624,-0.0906,0.1873,-0.0159,-0.7458,0.2037,-0.0589,0.1504,-0.0306,-0.2057,#DIV/0!,0.5126,1.3058,0.8573,1.1668,0.3015
0.3108,-0.0036,-0.0363,-0.4281,0.1779,0.5602,0.7325,-1.5754,-0.0019,-0.8258,-0.1160,-0.0245,-0.1569,-0.0006,-0.0280,-0.0988,-0.1470,-0.1898,-0.1745,-0.0974,0.1738,-0.0255,-0.7434,0.1823,-0.0607,0.1539,-0.0828,0.2141,#DIV/0!,1.5172,1.4076,-1.4714,2.0792,0.1347
0.7101,0.2046,-0.0094,0.4778,0.8309,1.5403,1.0772,-3.8046,-0.0403,-0.7115,-0.1666,-0.0308,-0.1562,0.0042,-0.0618,-0.1099,-0.1520,-0.2041,-0.1773,-0.0886,0.1596,-0.0195,-0.7043,0.1774,-0.0488,0.1393,0.0106,0.0317,#DIV/0!,0.4411,1.2196,-1.2369,1.1228,0.0199
-0.2456,0.2186,-0.0185,0.2133,0.3695,-0.2687,0.2341,-2.8335,0.0359,-0.8857,-0.1107,-0.0107,-0.1364,0.0173,-0.0570,-0.0983,-0.1405,-0.1913,-0.1575,-0.0738,0.1603,0.0066,-0.6584,0.1823,-0.0352,0.1370,-0.0319,-0.0068,#DIV/0!,0.8834,1.0561,-1.4459,0.5842,-0.2006
0.2961,0.3826,0.0850,0.6906,0.5350,-1.0018,-0.4017,-0.7105,0.0881,0.3436,-0.1161,0.0220,-0.1009,0.0629,-0.0446,-0.0632,-0.1011,-0.1803,-0.1275,-0.0459,0.1649,0.0359,-0.5973,0.2121,-0.0145,0.1539,0.0302,-0.0339,#DIV/0!,0.1670,-0.2971,0.4316,0.2473,0.1185
0.6805,-0.4499,0.7718,-0.5030,-0.5377,-0.1502,0.2788,-1.2472,0.1950,0.6802,-0.0141,0.0214,-0.0927,0.0672,-0.0357,-0.0681,-0.0924,-0.1751,-0.1079,-0.0231,0.1772,0.0570,-0.5676,0.2335,-0.0036,0.1504,0.0356,0.1597,#DIV/0!,0.1935,0.3077,-0.1263,0.9367,0.1224
1.7077,0.2742,1.1355,0.4974,0.5450,-0.0388,0.4229,-1.5518,0.0529,0.4263,0.0009,-0.0003,-0.1205,0.0896,-0.0633,-0.0549,-0.0857,-0.1715,-0.0986,-0.0318,0.1988,0.0681,-0.5676,0.2320,-0.0067,0.1517,0.0412,0.4778,#DIV/0!,0.9334,0.9976,-1.0464,0.2149,0.0650
0.2832,0.4361,-1.2003,0.7729,0.6269,-0.1737,-0.6718,-0.7187,-0.2175,1.0061,0.0006,0.0215,-0.1025,0.1010,-0.0354,-0.0355,-0.0748,-0.1642,-0.0907,-0.0263,0.2134,0.0636,-0.5683,0.2596,0.0140,0.1513,0.2153,0.1236,#DIV/0!,0.5953,0.6710,-0.8037,-0.7773,0.0742
-0.3864,0.2565,-0.4577,0.2025,0.4822,0.5111,0.9013,-0.7372,0.4194,0.7831,-0.0115,0.0369,-0.0895,0.0978,-0.0041,-0.0310,-0.0730,-0.1478,-0.0790,-0.0393,0.2279,0.0479,-0.6136,0.2660,0.0006,0.1514,0.1903,-0.1092,#DIV/0!,1.2802,2.8097,-1.0922,1.2153,0.1649
0.1386,1.4068,0.3933,1.5139,1.8980,0.8803,1.0310,-2.0796,0.4083,1.0356,-0.0022,0.0525,-0.0796,0.0985,0.0147,-0.0281,-0.0752,-0.1317,-0.0751,-0.0149,0.2391,0.0825,-0.5539,0.2695,0.0097,0.1514,0.2812,-0.1592,#DIV/0!,0.0859,2.6349,-1.0817,1.3535,0.1972
1.3006,0.6123,1.5453,0.9094,1.3888,1.0376,0.2416,-2.6485,0.1546,2.2836,-0.0264,0.0303,-0.0842,0.0691,0.0166,-0.0324,-0.0786,-0.1279,-0.0615,-0.0170,0.2417,0.0767,-0.5430,0.2571,0.0029,0.1514,0.2246,-0.2605,#DIV/0!,-2.4697,0.6602,-2.5951,-1.8225,0.1032
1.9725,0.2007,0.5902,-0.2750,0.4933,-0.2828,0.0830,-2.5355,0.2150,0.7518,-0.0545,0.0286,-0.0858,0.0835,0.0107,-0.0107,-0.0629,-0.1039,-0.0315,-0.0088,0.2677,0.0809,-0.5489,0.2881,0.0053,0.1514,0.2395,-0.0675,#DIV/0!,0.4001,1.3843,-2.6662,-1.6826,0.0285
0.5285,-0.4140,-0.2992,-0.7918,-0.5048,-0.8166,-0.1327,-1.2543,0.2187,0.2505,0.0146,0.0449,-0.0821,0.0798,-0.0035,-0.0171,-0.0682,-0.0999,-0.0316,0.0078,0.2748,0.1103,-0.5265,0.3091,0.0299,0.1514,0.2495,-0.1212,#DIV/0!,-0.4373,0.6462,-1.6186,0.7743,-0.1087
0.4036,0.2371,-0.3456,-0.1955,0.5166,0.0877,0.3992,-1.7266,-0.0028,0.5266,-0.0257,0.0286,-0.1006,0.0863,-0.0200,-0.0237,-0.0632,-0.0990,-0.0196,-0.0079,0.2841,0.0983,-0.5366,0.2934,0.0161,0.1514,0.1116,-0.0230,#DIV/0!,-1.0068,1.1934,-1.3743,-0.1760,0.1287
0.9044,0.3875,-0.5149,-0.0882,0.3714,0.2926,0.4790,-2.5838,0.0746,2.1785,-0.0030,0.0076,-0.1100,0.0846,-0.0573,-0.0367,-0.0779,-0.1157,-0.0382,-0.0170,0.2667,0.0877,-0.5463,0.2769,0.0149,0.1514,0.1123,0.1090,#DIV/0!,-0.8024,0.4953,-1.6979,-2.7985,0.0790
0.0739,0.0355,-0.1750,0.2016,0.3360,-0.6271,-0.1908,-1.1810,0.2295,1.6730,0.0567,0.0142,-0.0958,0.0743,-0.0462,-0.0455,-0.0922,-0.1374,-0.0678,-0.0220,0.2328,0.0783,-0.5661,0.2546,0.0084,0.1514,0.0961,0.2378,#DIV/0!,0.5482,-0.1141,-1.9470,-1.5633,-0.1442
0.3439,0.1790,-0.2881,0.2880,0.2590,-0.8123,-0.8882,-1.4229,0.0951,1.9268,-0.0634,0.0194,-0.1077,0.0749,-0.0355,-0.0332,-0.0761,-0.1306,-0.0652,-0.0242,0.2356,0.0731,-0.5587,0.2470,-0.0030,0.1514,-0.0043,0.1148,#DIV/0!,-0.0580,0.4945,-1.2358,0.6975,-0.2575
0.1961,-0.0857,-0.4609,0.3683,-0.0686,-1.4627,-2.1003,-2.5587,-0.2304,2.5673,-0.0720,0.0319,-0.0906,0.0874,-0.0259,-0.0359,-0.0843,-0.1476,-0.0846,-0.0331,0.2213,0.0739,-0.5476,0.2586,0.0150,0.1514,0.1577,0.0793,#DIV/0!,0.2998,-0.4923,-2.6409,-0.6454,-0.3747
0.5961,0.1467,-0.2048,0.8853,0.2099,1.1159,0.3086,-2.7223,-0.0452,-1.1039,-0.0446,0.0419,-0.0790,0.0836,-0.0154,-0.0404,-0.0921,-0.1589,-0.0935,-0.0295,0.2217,0.0693,-0.5703,0.2415,-0.0047,0.1514,0.0015,0.0299,#DIV/0!,0.0068,2.0068,-0.1728,-0.0188,0.0275
0.6592,0.6176,-0.2996,1.0113,0.5255,0.6574,0.0975,-1.2496,0.3826,1.5627,-0.0708,0.0508,-0.0724,0.0807,0.0184,-0.0334,-0.0872,-0.1544,-0.0902,-0.0369,0.2401,0.0619,-0.6025,0.2321,-0.0218,0.1514,0.0145,0.0813,#DIV/0!,0.6379,2.0710,-0.8727,1.5217,0.0120
0.0172,0.1211,-0.4573,-0.0044,0.2731,-1.2196,-0.3472,-2.4713,0.1793,0.9134,-0.0448,0.0481,-0.0818,0.0775,0.0393,-0.0335,-0.0873,-0.1582,-0.1014,-0.0493,0.2184,0.0388,-0.6412,0.2478,-0.0090,0.1513,0.1273,0.3556,#DIV/0!,1.0864,1.4613,-4.0077,0.8581,-0.3233
0.8789,0.4665,-0.2502,0.4672,0.2435,0.0235,0.3026,-0.2929,0.3819,1.6647,-0.0475,0.0304,-0.1123,0.0701,0.0229,-0.0450,-0.0912,-0.1590,-0.0959,-0.0480,0.2238,0.0338,-0.6669,0.2359,-0.0188,0.1516,0.0930,0.0948,#DIV/0!,0.6728,1.2570,-0.3979,0.3700,0.0830
1.1308,0.4557,-0.2939,0.1608,0.6563,-0.6087,0.1481,-0.4940,0.2272,2.1184,-0.0052,0.0019,-0.1203,0.0334,-0.0064,-0.0752,-0.1161,-0.1876,-0.1140,-0.0636,0.2060,0.0135,-0.6958,0.2158,-0.0272,0.1507,-0.0127,-0.0816,#DIV/0!,0.1284,1.1928,0.5059,-0.2220,0.1123
-0.0676,0.7179,-0.4612,0.7912,1.4032,-1.3272,-0.4267,-1.9253,0.0597,0.0815,-0.1136,-0.0187,-0.1419,0.0246,0.0090,-0.0760,-0.1264,-0.1894,-0.1429,-0.0665,0.2042,0.0055,-0.7041,0.1997,-0.0408,0.1539,0.0953,0.0704,#DIV/0!,-0.5298,2.0427,-0.8562,-0.7484,-0.0046
0.9452,1.0688,-0.2072,1.1580,2.3619,-0.1492,0.3476,-1.3082,0.3416,0.7300,-0.1190,-0.0108,-0.1428,0.0310,0.0121,-0.0599,-0.1296,-0.1728,-0.1594,-0.0822,0.2166,-0.0126,-0.7007,0.2136,-0.0543,0.1659,0.0153,0.0592,#DIV/0!,0.1398,1.2896,0.5615,0.5094,0.3029
2.6381,0.8567,0.2088,0.6845,1.3484,0.9372,1.0728,-1.9473,0.5059,-1.7349,-0.0654,-0.0637,-0.2243,0.0132,-0.0241,-0.0739,-0.1352,-0.1700,-0.1490,-0.0813,0.2179,-0.0030,-0.7119,0.2098,-0.0461,0.1576,-0.0159,-0.1607,#DIV/0!,0.3565,0.9381,-0.2135,-0.0866,0.1302
0.8322,0.7656,0.7881,1.0223,1.3241,0.9569,0.5533,-1.0666,0.0880,-1.5417,-0.0550,-0.0611,-0.2014,0.0215,-0.0183,-0.0852,-0.1306,-0.1655,-0.1357,-0.0676,0.2269,0.0099,-0.7047,0.2483,-0.0172,0.1460,0.2300,-0.1394,#DIV/0!,1.5434,2.7494,-0.4460,2.0160,0.1683
0.8482,0.5310,-0.1357,1.0836,1.9426,-0.7607,0.1011,-0.9438,-0.1802,-0.2646,-0.1173,-0.0187,-0.1534,0.0594,-0.0187,-0.0716,-0.1168,-0.1694,-0.1332,-0.0687,0.2359,0.0284,-0.6826,0.2400,-0.0147,0.1509,0.0524,-0.0730,#DIV/0!,0.2158,1.7275,-0.6309,0.6160,0.1640
0.6684,0.6962,0.0895,0.5148,1.1400,0.1159,1.0237,-1.1327,0.3895,-0.1631,-0.0664,0.0297,-0.1090,0.0887,0.0077,-0.0606,-0.1060,-0.1525,-0.1034,-0.0533,0.2570,0.0738,-0.6129,0.2831,0.0186,0.1494,0.1305,0.0858,#DIV/0!,0.8801,1.4500,-0.8631,1.0330,-0.0424
0.9349,-0.2145,0.4254,-0.5009,-0.3001,1.0977,-0.4207,-1.7655,0.1292,1.1534,0.0464,0.0562,-0.0661,0.1294,0.0219,-0.0511,-0.0831,-0.1473,-0.0838,-0.0262,0.2719,0.1079,-0.5511,0.2958,0.0346,0.1655,0.1999,-0.1369,#DIV/0!,-0.8583,1.7938,-1.6132,-0.1370,0.0086
0.9441,1.0112,1.6116,1.0141,1.5769,1.6972,0.6526,-1.3586,0.4041,0.4006,-0.0847,0.0442,-0.0911,0.1233,-0.0171,-0.0596,-0.0893,-0.1531,-0.0832,-0.0303,0.2729,0.1075,-0.5702,0.3008,0.0312,0.1646,0.1219,0.0490,#DIV/0!,-0.7880,2.4300,-0.1457,0.4367,0.3557
1.0264,1.7740,0.9785,1.9110,2.5561,2.2111,1.8413,0.0549,0.4751,0.5479,-0.0576,0.0710,-0.0719,0.1329,0.0205,-0.0424,-0.0747,-0.1306,-0.0593,-0.0186,0.2979,0.1073,-0.5830,0.3198,0.0332,0.1465,0.1432,0.0876,#DIV/0!,0.7443,1.9980,-0.4521,1.1641,0.3308
0.8694,0.3959,0.4031,0.4507,0.1189,0.7375,0.7771,-1.1483,0.3004,-0.0367,0.0228,0.0759,-0.0547,0.1225,0.0454,-0.0438,-0.0882,-0.1248,-0.0598,-0.0140,0.2906,0.1055,-0.6091,0.3125,0.0282,0.1689,0.1465,0.2264,#DIV/0!,0.5818,1.3958,-1.4703,1.0268,0.0795
-0.9078,0.1771,-1.1090,0.5539,0.4598,-0.1697,0.3891,-1.3897,-0.0860,-0.5998,-0.0855,0.0519,-0.0820,0.1199,0.0286,-0.0455,-0.0878,-0.1395,-0.0710,-0.0184,0.2619,0.0860,-0.6466,0.2935,0.0205,0.1613,0.2104,-0.0742,#DIV/0!,1.0265,2.3830,-0.1124,1.6238,0.1530
0.1151,1.3053,-0.7253,1.8897,1.9399,0.7460,-0.0400,-0.9828,-0.0313,-0.4138,-0.0843,0.0203,-0.1098,0.0859,-0.0075,-0.0617,-0.0907,-0.1528,-0.0777,-0.0256,0.2518,0.0698,-0.6548,0.2726,0.0122,0.1660,0.2358,0.0597,#DIV/0!,1.1614,2.2718,-0.2678,2.1680,0.0568
0.9054,0.9551,0.2954,1.0156,1.3214,0.6520,-0.3101,-1.9798,0.2964,0.0783,0.0258,0.0042,-0.1358,0.0835,-0.0303,-0.0626,-0.0953,-0.1691,-0.0954,-0.0287,0.2286,0.0526,-0.6544,0.2585,0.0122,0.1695,0.2440,0.0273,#DIV/0!,1.4412,0.5178,-1.4237,-1.0096,-0.0196
1.2535,0.2181,0.0229,-0.0100,0.1691,-0.2213,-0.4333,-2.1354,0.1415,0.4165,0.0423,-0.0046,-0.1527,0.0596,-0.0342,-0.0720,-0.1034,-0.1621,-0.0850,-0.0105,0.2396,0.0588,-0.6449,0.2532,0.0018,0.1643,0.1185,0.1640,#DIV/0!,0.4181,0.3048,-0.9494,-1.6280,-0.0276
0.3991,0.5650,-0.4145,0.2311,0.5835,-0.3513,-0.6268,-0.9955,0.1171,-0.3457,-0.0348,-0.0192,-0.1489,0.0590,-0.0438,-0.0862,-0.1118,-0.1676,-0.0920,-0.0354,0.2381,0.0402,-0.6574,0.2537,0.0030,0.1494,0.1737,0.2866,#DIV/0!,0.8969,2.1867,-0.8038,1.8661,-0.1171
-0.0744,1.0149,-0.5366,1.1018,1.3247,0.4989,0.4529,-2.3426,0.4597,-0.9896,-0.1033,-0.0191,-0.1591,0.0716,-0.0567,-0.0808,-0.1067,-0.1751,-0.1086,-0.0546,0.2310,0.0267,-0.6716,0.2605,0.0149,0.1522,0.1736,0.1888,#DIV/0!,0.9767,1.7326,-1.0814,-0.5171,0.0757
0.5876,0.1629,0.1245,0.4748,0.3897,0.8976,0.8240,-2.8379,0.4860,0.6196,-0.1069,-0.0146,-0.1513,0.0488,-0.0603,-0.0919,-0.1166,-0.1802,-0.1044,-0.0414,0.2249,0.0318,-0.6620,0.2311,0.0024,0.1510,0.1406,0.1449,#DIV/0!,0.3790,1.2044,-0.0778,0.2664,0.0769
0.9380,0.7819,0.1248,1.3686,1.1135,1.1152,0.9486,-0.2359,-0.0146,1.8952,-0.0494,0.0097,-0.1332,0.0747,-0.0310,-0.0616,-0.0972,-0.1495,-0.0856,-0.0290,0.2645,0.0578,-0.6633,0.2820,0.0175,0.1516,0.2304,0.1631,#DIV/0!,0.4916,1.3465,-0.9141,-0.0549,0.1329
0.7219,0.1971,0.0876,0.4587,0.2129,0.0958,-0.2508,-1.2635,-0.1655,1.2552,-0.0939,0.0357,-0.1128,0.0950,-0.0068,-0.0437,-0.0763,-0.1368,-0.0650,-0.0301,0.2791,0.0700,-0.6613,0.3066,0.0177,0.1512,0.1150,-0.0218,#DIV/0!,0.2657,1.1759,-1.1609,0.0505,-0.0543
0.0728,0.3656,0.1771,0.8040,0.5012,-0.3926,-0.4637,-2.5149,0.2529,0.4153,-0.1048,0.0342,-0.1061,0.0805,-0.0202,-0.0568,-0.0909,-0.1349,-0.0606,-0.0272,0.2797,0.0874,-0.6524,0.2885,0.0214,0.1521,0.0984,-0.2041,#DIV/0!,0.8807,0.5928,-1.9783,1.3443,-0.2486
0.0522,0.2255,0.2925,0.2447,0.7203,1.0680,0.2992,-2.3989,0.3490,-0.3987,-0.1019,0.0121,-0.1218,0.0652,-0.0336,-0.0539,-0.0924,-0.1459,-0.0841,-0.0322,0.2500,0.0742,-0.6594,0.2680,0.0172,0.1722,0.1003,0.0147,#DIV/0!,0.8534,1.9929,-1.7377,0.2320,-0.0306
0.5928,0.5138,0.3628,0.4803,1.1068,-0.3681,0.1001,-0.0832,0.1462,0.8570,-0.0900,-0.0172,-0.1372,0.0776,-0.0540,-0.0467,-0.0945,-0.1461,-0.0843,-0.0365,0.2561,0.0648,-0.6550,0.2610,0.0086,0.1522,0.0421,-0.1340,#DIV/0!,0.1075,2.2193,0.1510,0.6910,0.2223
0.2731,0.2266,0.3009,0.0462,0.0806,0.0321,0.1468,-2.1066,0.3043,0.8928,-0.0014,-0.0341,-0.1376,0.0679,-0.0758,-0.0680,-0.1096,-0.1644,-0.1196,-0.0430,0.2264,0.0473,-0.6486,0.2261,0.0040,0.1600,0.1409,0.1419,#DIV/0!,-0.4773,1.2798,-2.2137,0.6038,-0.0392
1.0157,-0.1913,0.1340,-0.3294,-0.1619,0.6901,0.1241,-3.4788,0.2122,0.2473,-0.0885,-0.0799,-0.1880,0.0324,-0.1267,-0.1075,-0.1281,-0.1864,-0.1359,-0.0557,0.2030,0.0090,-0.6494,0.1819,-0.0158,0.1631,0.0073,-0.0088,#DIV/0!,-0.7788,0.8056,-1.4682,-1.3615,0.0411
-0.1061,0.3514,-0.0810,0.2078,0.0946,1.2964,0.9598,-0.8401,0.1625,0.0152,-0.0787,-0.1018,-0.2133,0.0279,-0.1604,-0.1252,-0.1363,-0.2111,-0.1522,-0.0622,0.1982,-0.0102,-0.6190,0.1686,-0.0218,0.1485,0.0217,0.1277,#DIV/0!,0.3560,-0.2156,-1.5510,-0.0741,0.0223
-0.7194,-0.2369,-0.0901,-0.4912,-0.0931,-1.0069,-0.7638,-2.0891,0.0005,-0.2523,-0.1142,-0.0916,-0.2061,-0.0203,-0.1543,-0.1532,-0.1679,-0.2352,-0.1947,-0.0875,0.1722,-0.0437,-0.5979,0.1478,-0.0348,0.1540,-0.0483,-0.3149,#DIV/0!,0.3616,-0.3395,-3.3597,-0.3743,-0.1634
-0.1234,-0.3997,-0.0975,-0.7700,-0.4677,-0.1837,-0.0112,-1.1003,0.0572,-0.5676,-0.1915,-0.1017,-0.2200,0.0018,-0.1655,-0.1353,-0.1620,-0.2343,-0.1972,-0.0936,0.1718,-0.0566,-0.5847,0.1526,-0.0434,0.1404,0.0447,-0.1693,#DIV/0!,0.1425,1.7398,-0.2736,-0.8367,0.0515
0.2745,-0.4757,0.0842,-0.9049,-1.1088,0.3387,0.0399,-2.2724,-0.0418,-2.4550,-0.1603,-0.1024,-0.2442,0.0046,-0.1802,-0.1440,-0.1567,-0.2462,-0.1960,-0.0830,0.1557,-0.0420,-0.5857,0.1531,-0.0268,0.1607,0.0434,0.3117,#DIV/0!,-0.2148,0.6899,-0.7299,-1.4400,0.1340
0.5411,-0.5447,0.0341,-1.0486,-1.3785,-1.3126,-1.3604,-2.5703,-0.1246,-2.0033,-0.1881,-0.0663,-0.2067,0.0487,-0.1663,-0.1299,-0.1338,-0.2525,-0.1906,-0.0615,0.1586,0.0022,-0.6056,0.1914,-0.0031,0.1582,0.1205,-0.0110,#DIV/0!,0.2403,0.5627,-1.4526,0.1392,-0.0779
0.6253,-0.3980,-0.5113,-0.6500,-0.2984,-0.4004,-0.9206,-2.2122,-0.3189,-0.7978,-0.1334,-0.0218,-0.1616,0.0652,-0.1284,-0.1079,-0.1246,-0.2286,-0.1570,-0.0519,0.2043,0.0339,-0.6262,0.2345,0.0048,0.1419,0.1189,-0.1520,#DIV/0!,0.6192,1.5251,-1.7143,-0.2964,-0.0146
0.8871,0.0146,-0.7962,-0.1184,-0.2451,-0.9600,-1.4667,-2.6120,-0.0071,-0.1882,-0.0997,0.0199,-0.1278,0.0805,-0.0875,-0.0918,-0.1136,-0.1984,-0.1153,-0.0301,0.2483,0.0776,-0.6147,0.2988,0.0364,0.1379,0.1863,0.0191,#DIV/0!,0.5867,2.0228,-0.1588,-0.7432,-0.0558
-0.0920,-0.5777,-0.6244,-0.5563,-0.7091,-0.2214,-0.1224,-1.8873,-0.0240,-0.8138,-0.1307,0.0233,-0.1348,0.1102,-0.0610,-0.0638,-0.0909,-0.1820,-0.1001,-0.0197,0.2570,0.1013,-0.6074,0.3247,0.0513,0.1723,0.1846,0.0567,#DIV/0!,0.4989,1.2859,-0.3619,-0.0378,0.0689
0.3647,-0.4165,-0.3678,-0.1248,-0.3526,0.8098,-0.8391,-2.0862,-0.0817,-0.4002,-0.1376,0.0343,-0.1275,0.1010,-0.0394,-0.0591,-0.0891,-0.1685,-0.0782,0.0023,0.2798,0.1211,-0.6136,0.3330,0.0413,0.1566,0.1106,-0.0186,#DIV/0!,0.4181,0.9415,-0.8299,-0.2087,0.0360
1.4046,-0.4202,0.5062,-0.1586,-0.5507,-0.2678,-1.1154,-3.3062,0.0564,0.2287,-0.1230,0.0492,-0.1186,0.1007,-0.0132,-0.0538,-0.0937,-0.1624,-0.0773,-0.0018,0.2815,0.1204,-0.5935,0.3263,0.0309,0.1703,0.1120,0.0060,#DIV/0!,-0.7489,1.6077,-2.1629,-2.1721,-0.0954
-0.4418,-0.2536,0.4488,-0.2374,-0.5309,-0.7093,-0.1957,-4.2390,0.1585,0.3738,-0.0847,0.0373,-0.1295,0.1027,0.0005,-0.0357,-0.0858,-0.1524,-0.0792,-0.0282,0.2806,0.0908,-0.5949,0.3298,0.0260,0.1547,0.1885,0.0639,#DIV/0!,-0.7090,1.5087,-1.6849,0.2583,-0.0437
1.0677,-0.7185,0.6811,-1.0315,-1.3728,0.1490,-0.3612,-4.3283,0.0984,-1.0160,-0.1672,0.0149,-0.1525,0.0859,-0.0326,-0.0574,-0.0942,-0.1694,-0.0903,-0.0364,0.2645,0.0770,-0.5945,0.3067,0.0182,0.1504,0.1536,0.0499,#DIV/0!,0.9180,2.9688,-0.8371,1.5017,-0.2014
1.7809,-0.2864,0.0451,-0.2193,0.0691,-0.7520,-0.9691,-2.4256,-0.1994,-1.1788,-0.1595,0.0062,-0.1658,0.0671,-0.0559,-0.0761,-0.1099,-0.1895,-0.1086,-0.0352,0.2535,0.0683,-0.5775,0.2811,0.0024,0.1517,0.1074,0.1990,#DIV/0!,0.6568,1.8185,-1.0067,-0.2781,-0.0870
0.1610,-0.0991,-0.1290,-0.0861,-0.5516,-1.5037,-1.3727,-3.0597,-0.3837,-0.6641,-0.1980,-0.0048,-0.1784,0.0537,-0.0758,-0.0903,-0.1187,-0.2215,-0.1316,-0.0332,0.2147,0.0632,-0.5433,0.2531,-0.0133,0.1514,0.0281,0.0203,#DIV/0!,0.0286,0.8733,0.5298,-0.7278,0.2445
-0.1880,-0.4442,0.0766,-0.8301,-1.2084,-0.3430,-0.7853,-3.6714,-0.0688,-0.8976,-0.1918,-0.0286,-0.2000,0.0369,-0.1102,-0.1188,-0.1357,-0.2271,-0.1433,-0.0470,0.1889,0.0303,-0.5493,0.2187,-0.0222,0.1509,-0.0655,0.2905,#DIV/0!,0.2807,1.1715,-0.8076,0.6233,-0.0812
